country,Region,Users,Population,Pop_source,Pop_year,Pop_05m,Pop_05msource,Pop_05myear,Pop_623m,Pop_623msource,Pop_623myear,Pop_2459m,Pop_2459msource,Pop_2459myear,Districts,Health_facilities,Primary_care_fac,Health_workers,Community_health_workers,Nutrition_priority,Planning_HMISrevision,Date_planned,NCM,NCM_Leader,NCM_integrated,Bottleneck,Tracer_interventions,Policy_standalone,Policy_integrated,Policy_complementary,Policy_complementary_MNP,Policy_complementary_LNS,Policy_complementary_mediumLNS,Policy_complementary_largeLNS,Policy_complementary_plumpysup,Policy_complementary_fortified,Policy_complementary_unfortified,Policy_complementary_other,Budget,Code,Code_monitoring,Code_monitoring_Government,Code_monitoring_Comittee,Code_monitoring_NGO,Code_monitoring_Other,Code_monitoring_frequency,Code_monitoring_UNICEF,Code_monitoring_violations,Code_monitoring_prosecution,Code_monitoring_media,Code_monitoring_no,Code_monitoring_DK,Policy_humanitarian,WHO_guidelines,Counselling_doctors,Counselling_nurses,Counselling_PHC,Counselling_PHC_individual,Counselling_PHC_group,HW_training,Counselling_community,Counselling_community_districts,Counselling_community_training,Counselling_community_CHW,Counselling_community_UNICEF,Counselling_community_package,Counselling_community_supervis,Counselling_community_frequency,Counselling_community_,Counselling_community_Agricult,Counselling_community_Wash,Counselling_community_Education,Counselling_community_Welfare,Counselling_community_SP,Counselling_community_other,Counselling_mothers,Formative_research,Media,Media_weeks,Communication_strategy,Communication_strategy_alone,Communication_strategy_implement,Humanitarian,Humanitarian_healthservices,Humanitarian_community,Humanitarian_mothergroups,Humanitarian_formula,Humanitarian_communication,Humanitarian_rapidassessment,Humanitarian_jointstatement,Humanitarian_dealformula,Humanitarian_monitoringformula,Humanitarian_other,Humanitarian_DK,Humanitarian_babyfriendly,Policy_gender,Policy_agriculture,Policy_education,Policy_wash,Policy_SP,Policy_none,Policy_DK,SP_under2,SP_under2_UNICEF,indicators_HS,indicators_HS_BF,indicators_HS_earlyinitiation,indicators_HS_counsellingunder6,indicators_HS_counselling623,indicators_C,indicators_C_BF,indicators_C_earlyinitiation,indicators_C_counsellingunder6,indicators_C_counselling623,indicators_HIV,indicators_HIV_infants,indicators_HIV_infants_BF,indicators_HIV_infants_feeding,indicators_HIV_infants_mixed,share_externally,Signoff,id,latitude,longitude
Afghanistan,ROSA,akana@unicef.org,29060000,Central Statisitc  Office (estimate),2015,438000,Central Statistic Office (estimate),2015,1233000,Central Statistic Office (estimate),2015,3140000,Central Statistic Office (estimate),2015,401,2324,2264,17948,27052,Yes,Yes,2017,Yes,Government,Yes,Yes,SAM,Yes,,No,,,,,,,,,No,Yes-all provisions of Code and Resolutions included,Yes,TRUE,FALSE,FALSE,FALSE,More than one monitoring activity,Yes,Yes,FALSE,FALSE,FALSE,TRUE,Yes,No,No,No,Yes,1114,1114,,Yes,,No,,,,Yes,Every 3 months,No,,,,,,,995288,No,Yes,1-4 weeks,No,,,Yes,FALSE,FALSE,FALSE,FALSE,FALSE,FALSE,TRUE,TRUE,TRUE,FALSE,FALSE,FALSE,FALSE,FALSE,FALSE,FALSE,FALSE,TRUE,FALSE,No,,No,,,,,Yes,No,"Yes, monitored, recorded and reported",No,Monitored,No,,,,,Yes,No,AF,33.93911,67.709953
Albania,CEECIS,mbukli@unicef.org,2886000,INSTAT,2015,16358,INSTAT,2015,,Unavailable,Unavailable,.,Unavailable,Unavailable,12,455,413,11520,.,Yes,Yes,2016,No,,,No,,No,IYCF elements are integrated within the health policy or strategy,No,,,,,,,,,No,Yes-all provisions of Code and Resolutions included,Yes,TRUE,FALSE,FALSE,FALSE,More than one monitoring activity,Yes,Yes,TRUE,FALSE,FALSE,FALSE,Yes,Yes,"Yes, comprehensively","Yes, comprehensively",Yes,18,18,,Yes,1,No,,,,Yes,Every 3 months,No,,,,,,,,No,Yes,1-4 weeks,No,,,No,,,,,,,,,,,,,FALSE,TRUE,FALSE,FALSE,TRUE,FALSE,FALSE,No,,Yes,"Yes, monitored and recorded, but not reported",No,"Yes, monitored and recorded, but not reported","Yes, monitored and recorded, but not reported",No,,,,,No,,,,,Yes,Yes,AL,41.153332,20.168331
Algeria,MENA,,,,,,,,,,,,,,,,,,,,,,,,,,,,,,,,,,,,,,,,,,,,,,,,,,,,,,,,,,,,,,,,,,,,,,,,,,,,,,,,,,,,,,,,,,,,,,,,,,,,,,,,,,,,,,,,,,,,,,,,,DZ,28.033886,1.659626
Angola,ESARO,sagbo@unicef.org,25767884,2014 Census adjusted figures,2016,5153575,2014 Census adjusted figures,2016,1932591,2014 Census adjusted figures,2016,3865175,2014 Census adjusted figures,2016,166,3721,1750,29730,14000,No,Yes,2017,Yes,Government,No,Yes,SAM; Vitamin A; Salt Iodization; IYCF,No,IYCF elements are integrated within the nutrition policy or strategy,Yes,FALSE,FALSE,FALSE,FALSE,TRUE,TRUE,FALSE,FALSE,Yes,No-no laws or actions,,,,,,,,,,,,,Yes,Yes,Minimally,Minimally,Yes,550,850,266,No,,No,,,,Yes,Every 6 months,No,,,,,,,320000,No,Yes,1-4 weeks,Yes,No,Yes,Yes,TRUE,FALSE,TRUE,FALSE,TRUE,FALSE,FALSE,FALSE,TRUE,FALSE,FALSE,TRUE,TRUE,TRUE,FALSE,TRUE,TRUE,FALSE,FALSE,Yes - Cash transfers,Yes,No,,,,,No,,,,,No,,,,,Yes,Yes,AO,-11.202692,17.873886
Anguilla,LACRO,,,,,,,,,,,,,,,,,,,,,,,,,,,,,,,,,,,,,,,,,,,,,,,,,,,,,,,,,,,,,,,,,,,,,,,,,,,,,,,,,,,,,,,,,,,,,,,,,,,,,,,,,,,,,,,,,,,,,,,,,AI,18.220554,-63.068615
Antigua and Barbuda,LACRO,,,,,,,,,,,,,,,,,,,,,,,,,,,,,,,,,,,,,,,,,,,,,,,,,,,,,,,,,,,,,,,,,,,,,,,,,,,,,,,,,,,,,,,,,,,,,,,,,,,,,,,,,,,,,,,,,,,,,,,,,AG,17.060816,-61.796429
Argentina,LACRO,,,,,,,,,,,,,,,,,,,,,,,,,,,,,,,,,,,,,,,,,,,,,,,,,,,,,,,,,,,,,,,,,,,,,,,,,,,,,,,,,,,,,,,,,,,,,,,,,,,,,,,,,,,,,,,,,,,,,,,,,AR,-38.416096,-63.616673
Armenia,CEECIS,mhakobyan@unicef.org,2976566,"UN Populations Division, World Population Pro",2013,19233.5,"UN Populations Division, World Population Pro",2013,59958.5,"UN Populations Division, World Population Pro",2013,130694,"UN Populations Division, World Population Pro",2013,48,639,509,30949,1500,Yes,No,,No,,,No,,Yes,,No,,,,,,,,,Yes,Yes-all provisions of Code and Resolutions included,No,,,,,,,,,,,,No,Yes,"Yes, comprehensively","Yes, comprehensively",Yes,101,101,1200,Yes,48,Yes,1200,"Entire UNICEF package adapted, 5-day training, plus supervision module",,No,,No,,,,,,,9500,No,Yes,5-24 weeks,No,,,No,,,,,,,,,,,,,FALSE,FALSE,FALSE,FALSE,FALSE,TRUE,FALSE,Yes - Cash transfers,No,No,,,,,No,,,,,No,,,,,Yes,Yes,AM,40.069099,45.038189
Azerbaijan,CEECIS,numarov@unicef.org,9705600,Azerbaijan State Statistical Committee,2015,83100,Azerbaijan State Statistical Committee,2015,251600,Azerbaijan State Statistical Committee,2015,517200,Azerbaijan State Statistical Committee,2015,77,2309,1750,91200,0,Yes,Yes,2017,Yes,Government,Yes,Yes,IYCF,Yes,,No,,,,,,,,,Yes,Yes-partially – not all provisions of Code and Resolutions included,Yes,TRUE,FALSE,FALSE,FALSE,Monitoring is a continuous activity,No,Yes,FALSE,TRUE,FALSE,FALSE,No,Yes,Minimally,Minimally,Yes,1750,0,,No,,No,,,,No,,No,,,,,,,325000,No,Yes,1-4 weeks,Yes,No,Yes,No,,,,,,,,,,,,,FALSE,TRUE,FALSE,FALSE,FALSE,FALSE,FALSE,Yes - Subsidies,No,Yes,"Yes, monitored, recorded and reported","Yes, monitored, recorded and reported","Yes, monitored, recorded and reported","Yes, monitored, recorded and reported",No,,,,,"Yes, monitored, recorded and reported",64,0,64,0,Yes,Yes,AZ,40.143105,47.576927
Bahrain,MENA,,,,,,,,,,,,,,,,,,,,,,,,,,,,,,,,,,,,,,,,,,,,,,,,,,,,,,,,,,,,,,,,,,,,,,,,,,,,,,,,,,,,,,,,,,,,,,,,,,,,,,,,,,,,,,,,,,,,,,,,,BH,25.930414,50.637772
Bangladesh,ROSA,msari@unicef.org,160996000,"UN Populations Division, World Population Prospects",2015,1577760,"Estimated from UN populations Division, World Population Prospects",2015,4717182,"Estimated fro UN populations division, World Population Prospects",2015,9257270,"Estimated from UN populations division, World Population Prospects",2015,64,21716,18322,141261,66623,Yes,No,2017,Yes,UNICEF,Yes,Yes,SAM; Vitamin A; Micronutrients Powders; Salt Iodization; IYCF,Yes,,No,,,,,,,,,Yes,Yes-partially – not all provisions of Code and Resolutions included,Yes,TRUE,FALSE,TRUE,FALSE,Monitoring is a continuous activity,No,Don't know,,,,,Yes,Yes,Minimally,Minimally,Yes,18322,18322,,Yes,64,Yes,3600,"Entire UNICEF package adapted, 5-day training, without supervision module",,No,,Don't know,,,,,,,1135620,No,Yes,5-24 weeks,Yes,Yes,Yes,No,,,,,,,,,,,,,FALSE,TRUE,FALSE,FALSE,FALSE,FALSE,FALSE,Other,,Yes,"Yes, monitored, recorded and reported","Yes, monitored, recorded and reported","Yes, monitored, recorded and reported","Yes, monitored, recorded and reported",Yes,"Yes, monitored, recorded and reported","Yes, monitored, recorded and reported","Yes, monitored, recorded and reported",Both monitored and reported,No,,,,,Yes,No,BD,23.684994,90.356331
Barbados,LACRO,,,,,,,,,,,,,,,,,,,,,,,,,,,,,,,,,,,,,,,,,,,,,,,,,,,,,,,,,,,,,,,,,,,,,,,,,,,,,,,,,,,,,,,,,,,,,,,,,,,,,,,,,,,,,,,,,,,,,,,,,BB,13.193887,-59.543198
Belarus,CEECIS,,,,,,,,,,,,,,,,,,,,,,,,,,,,,,,,,,,,,,,,,,,,,,,,,,,,,,,,,,,,,,,,,,,,,,,,,,,,,,,,,,,,,,,,,,,,,,,,,,,,,,,,,,,,,,,,,,,,,,,,,BY,53.709808,27.953388
Belize,LACRO,,,,,,,,,,,,,,,,,,,,,,,,,,,,,,,,,,,,,,,,,,,,,,,,,,,,,,,,,,,,,,,,,,,,,,,,,,,,,,,,,,,,,,,,,,,,,,,,,,,,,,,,,,,,,,,,,,,,,,,,,BZ,17.189877,-88.49765
Benin,WCARO,ananema@unicef.org,10008749,2013 Nationwide Census (RGPH 4),2013,200175,Estimation as 2% of general population based on census of 2013,2013,520454,Estimation as rouhgthly 29% of under-five population based on census of 2013,2013,1231076,Estimation as rouhgthly 68% of under-five population based on census of 2013,2013,34,1019,954,7743,12000,Yes,Yes,2016,Yes,Government,Yes,Yes,SAM; Vitamin A; IYCF,Yes,,No,,,,,,,,,No,Yes-all provisions of Code and Resolutions included,Yes,TRUE,FALSE,FALSE,FALSE,One monitoring activity,No,Don't know,,,,,Yes,Yes,Minimally,Minimally,Yes,,,,Yes,13,Yes,,Some elements incorporated into other packages,,Yes,Unsure of frequency,Yes,TRUE,TRUE,FALSE,TRUE,FALSE,FALSE,,Yes,No,,Yes,No,Yes,Yes,TRUE,TRUE,TRUE,FALSE,TRUE,FALSE,FALSE,FALSE,FALSE,FALSE,FALSE,FALSE,FALSE,TRUE,FALSE,FALSE,TRUE,FALSE,FALSE,No,,No,,,,,Yes,No,"Yes, monitored and recorded, but not reported",No,Not monitored or reported,No,,,,,Yes,Yes,BJ,9.3076897,2.315834
Bhutan,ROSA,vjoshi@unicef.org,82716,Annual health Bulletin 2016,2015,8271,Population projection of Bhutan 2005-2030,2015,24815,Population projection of Bhutan 2005-2030,2015,49630,Population projection of Bhutan 2005-2030,2015,20,264,235,1904,1200,Yes,Yes,Don't know,Yes,Government,Yes,Yes,SAM; Micronutrients Powders; IYCF,Yes,,Yes,FALSE,FALSE,FALSE,FALSE,FALSE,FALSE,TRUE,FALSE,Yes,No-no laws or actions,,,,,,,,,,,,,No,No,"Yes, comprehensively","Yes, comprehensively",Yes,235,235,30,Yes,20,Yes,30,Some elements incorporated into other packages,,Yes,Unsure of frequency,No,,,,,,,12177,No,Yes,5-24 weeks,No,,,No,,,,,,,,,,,,,FALSE,FALSE,TRUE,TRUE,FALSE,FALSE,FALSE,No,,Yes,"Yes, monitored, recorded and reported","Yes, monitored, recorded and reported","Yes, monitored, recorded and reported",No,Yes,"Yes, monitored, recorded and reported","Yes, monitored, recorded and reported","Yes, monitored, recorded and reported",Not monitored or reported,"Yes, monitored and recorded, but not reported",,,,,Yes,Yes,BT,27.514162,90.433601
Bolivia,LACRO,aromero@unicef.org; rchavez@unicef.org,10825013,INE (National Institute of Statistics) ,2015,1215643,INE (National Institute of Statistics),2015,608188,Estimated based on data INE (National Institute of Statistics) ,2015,728239,INE (National Institute of Statistics),2015,339,3900,3315,.,.,Yes,Yes,2016,Yes,Government,Yes,No,,Yes,,Yes,FALSE,FALSE,FALSE,FALSE,FALSE,TRUE,FALSE,FALSE,Yes,Yes-all provisions of Code and Resolutions included,Yes,TRUE,TRUE,FALSE,FALSE,More than one monitoring activity,Yes,Yes,FALSE,FALSE,FALSE,FALSE,Yes,No,Minimally,Minimally,Yes,,,,Yes,,Don't know,,,,No,,No,,,,,,,,Yes,Yes,5-24 weeks,Yes,Yes,Yes,No,,,,,,,,,,,,,FALSE,TRUE,TRUE,FALSE,FALSE,FALSE,FALSE,Yes - Cash transfers,No,Yes,No,No,No,No,No,,,,,No,,,,,No,Yes,BO,-16.290154,-63.588654
Bosnia and Herzegovina,CEECIS,,,,,,,,,,,,,,,,,,,,,,,,,,,,,,,,,,,,,,,,,,,,,,,,,,,,,,,,,,,,,,,,,,,,,,,,,,,,,,,,,,,,,,,,,,,,,,,,,,,,,,,,,,,,,,,,,,,,,,,,,BA,43.915886,17.679075
Botswana,ESARO,kkmotlhoiwa@unicef.org,2024904,Botswana Population Census ,2011,254163,2011 census population projections,2015,76249,calculated from census projections,2015,152498,calculated from census projections,2015,28,697,679,29251,300,No,Yes,2017,No,,,No,,No,IYCF elements are integrated within the nutrition policy or strategy,Yes,FALSE,FALSE,FALSE,FALSE,FALSE,TRUE,FALSE,FALSE,Yes,Yes-all provisions of Code and Resolutions included,Yes,TRUE,FALSE,FALSE,FALSE,Monitoring is a continuous activity,No,Yes,FALSE,FALSE,FALSE,FALSE,Yes,Yes,No,Minimally,Yes,,,,No,,Yes,,Some elements incorporated into other packages,,Yes,Unsure of frequency,No,,,,,,,,Yes,Yes,5-24 weeks,No,,,Don't know,,,,,,,,,,,,,FALSE,TRUE,FALSE,FALSE,FALSE,FALSE,FALSE,Yes - Food vouchers/food stamps,No,No,,,,,No,,,,,No,,,,,No,No,BW,-22.328474,24.684866
Brazil,LACRO,,,,,,,,,,,,,,,,,,,,,,,,,,,,,,,,,,,,,,,,,,,,,,,,,,,,,,,,,,,,,,,,,,,,,,,,,,,,,,,,,,,,,,,,,,,,,,,,,,,,,,,,,,,,,,,,,,,,,,,,,BR,-14.235004,-51.925282
British Virgin Islands,LACRO,,,,,,,,,,,,,,,,,,,,,,,,,,,,,,,,,,,,,,,,,,,,,,,,,,,,,,,,,,,,,,,,,,,,,,,,,,,,,,,,,,,,,,,,,,,,,,,,,,,,,,,,,,,,,,,,,,,,,,,,,VG,18.420694,-64.639969
Bulgaria,CEECIS,,,,,,,,,,,,,,,,,,,,,,,,,,,,,,,,,,,,,,,,,,,,,,,,,,,,,,,,,,,,,,,,,,,,,,,,,,,,,,,,,,,,,,,,,,,,,,,,,,,,,,,,,,,,,,,,,,,,,,,,,BG,42.733883,25.48583
Burkina Faso,WCARO,dgarnier@unicef.org,18450494,Ministère de la santé projection démographique 2011-2020,2015,369010,Ministère de la santé projection démographique 2011-2020,2015,1250943,Ministère de la santé projection démographique 2011-2020,2015,1959442,Ministère de la santé projection démographique 2011-2020,2015,70,1883,1559,13240,18000,Yes,Yes,2016,Yes,Government,Yes,Yes,SAM; Vitamin A,Yes,,Yes,TRUE,FALSE,FALSE,FALSE,TRUE,TRUE,FALSE,FALSE,No,No-but law/agreement is drafted/in progress,,,,,,,,,,,,,Yes,Yes,Minimally,"Yes, comprehensively",Yes,1658,,2682,Yes,49,Yes,6045,Some elements incorporated into other packages,,Yes,Each month,No,,,,,,,504927,Yes,Yes,1-4 weeks,No,,,Yes,TRUE,TRUE,TRUE,FALSE,TRUE,FALSE,FALSE,FALSE,FALSE,FALSE,FALSE,FALSE,FALSE,TRUE,TRUE,TRUE,TRUE,FALSE,FALSE,Yes - Cash transfers,Yes,No,,,,,Yes,"Yes, monitored, recorded and reported","Yes, monitored, recorded and reported","Yes, monitored, recorded and reported",Both monitored and reported,No,,,,,Yes,Yes,BF,12.238333,-1.5615931
Burundi,ESARO,jntambi@unicef.org,10500000,Census 2008 + estimated population growth,2008,1839800,Census 2008 + estimated population growth,2008,542545,Census 2008 + estimated population growth,2008,1070019,Census 2008 + estimated population growth,2008,46,746,,.,17175,Yes,No,,Yes,Government,Yes,Yes,SAM; Vitamin A; Micronutrients Powders; IYCF,Yes,,No,,,,,,,,,No,No-but law/agreement is drafted/in progress,,,,,,,,,,,,,Yes,Yes,No,Minimally,Yes,,,,Yes,13,Yes,,Some elements incorporated into other packages,,Yes,Unsure of frequency,Yes,TRUE,TRUE,FALSE,FALSE,TRUE,FALSE,,No,Don't know,,No,,,No,,,,,,,,,,,,,FALSE,FALSE,FALSE,FALSE,FALSE,FALSE,TRUE,Yes - Cash transfers,Yes,No,,,,,Don't know,No,,,,No,,,,,Yes,Yes,BI,-3.3730559,29.918886
Cambodia,EAPRO,alaillou@unicef.org,14892374,HMIS ,2015,172007,estimated from HMIS,2015,452877,estimated from HMIS,2015,937326,estimated from HMIS,2015,89,1327,1100,.,.,Yes,No,,Yes,Other,Yes,Yes,SAM; Salt Iodization; IYCF,No,IYCF elements are integrated within the nutrition policy or strategy,Yes,TRUE,TRUE,FALSE,FALSE,FALSE,TRUE,FALSE,FALSE,No,Yes-partially – not all provisions of Code and Resolutions included,Yes,TRUE,FALSE,FALSE,FALSE,No monitoring was done last year,No,Yes,FALSE,FALSE,TRUE,FALSE,No,Yes,No,Minimally,Yes,,,,Yes,20,Yes,,"Entire UNICEF package adapted, 5-day training, plus supervision module",,No,,No,,,,,,,,Yes,Yes,25-52 weeks,No,,,No,,,,,,,,,,,,,FALSE,TRUE,TRUE,TRUE,FALSE,FALSE,FALSE,Yes - Cash transfers,Yes,No,,,,,No,,,,,No,,,,,Yes,Yes,KH,12.565679,104.99097
Cameroon,WCARO,rsodjinou@unicef.org,23755421,rd Census. Population projections. Bureau Central des rencensements et des etudes en populations (BUCREP) review UNFPA,2016,3800867,3rd Census. Population projections. Bureau Central des rencensements et des etudes en populations (BUCREP),2016,,Unavailable,Unavailable,.,Unavailable,Unavailable,360,3586,2712,.,.,Yes,No,,Yes,Government,No,Yes,SAM; Vitamin A; Micronutrients Powders; IYCF,No,IYCF elements are integrated within the nutrition policy or strategy,No,,,,,,,,,No,Yes-all provisions of Code and Resolutions included,Yes,TRUE,FALSE,FALSE,FALSE,Monitoring is a continuous activity,Yes,Don't know,,,,,Yes,Yes,Minimally,Minimally,Yes,110,110,,No,,No,,,,Yes,Once per year,No,,,,,,,30000,No,Yes,1-4 weeks,No,,,No,,,,,,,,,,,,,FALSE,FALSE,FALSE,FALSE,FALSE,TRUE,FALSE,Yes - Cash transfers,No,No,,,,,No,,,,,No,,,,,Yes,Yes,CM,7.3697219,12.354722
Cape Verde,WCARO,,,,,,,,,,,,,,,,,,,,,,,,,,,,,,,,,,,,,,,,,,,,,,,,,,,,,,,,,,,,,,,,,,,,,,,,,,,,,,,,,,,,,,,,,,,,,,,,,,,,,,,,,,,,,,,,,,,,,,,,,CV,16.002083,-24.013197
Central African Republic (CAR),WCARO,bmuhimfura@unicef.org,4955030,Ministry of Health,2015,86713,Ministry of Health,2015,248742,Ministry of  Health,2015,497980,Ministry of Health,2015,30,814,814,1551,2459,Yes,Yes,2017,Yes,UNICEF,Yes,Yes,SAM; Vitamin A,Yes,,Yes,FALSE,FALSE,FALSE,FALSE,TRUE,FALSE,FALSE,FALSE,No,No-but law/agreement is drafted/in progress,,,,,,,,,,,,,Yes,Yes,Don't know,Don't know,Yes,102,102,108,Yes,14,Yes,187,"UNICEF package used, but only 2-3 day training; plus supervision module",,No,,No,,,,,,,2793,Yes,No,,No,,,Yes,TRUE,TRUE,TRUE,FALSE,TRUE,FALSE,FALSE,TRUE,FALSE,FALSE,FALSE,TRUE,FALSE,TRUE,FALSE,TRUE,FALSE,FALSE,FALSE,Yes - Food vouchers/food stamps,No,No,,,,,No,,,,,No,,,,,No,No,,6.6111112,20.939444
Chad,WCARO,mandiaye@unicef.org,14154314,"INSEED, Projection based on 2009 census",2016,254778,"INSEED, Projection based on 2009 census",2016,849259,"INSEED, Projection based on 2009 census",2016,1811752,"INSEED, Projection based on 2009 census",2016,128,1615,1588,2613,.,Yes,No,,Yes,Other,No,Yes,SAM; Vitamin A; IYCF,No,No policy/strategy at all,No,,,,,,,,,No,No-no laws or actions,,,,,,,,,,,,,No,No,No,No,No,,,,No,,No,,,,No,,No,,,,,,,,No,No,,Yes,Yes,Yes,Yes,FALSE,TRUE,FALSE,FALSE,FALSE,FALSE,FALSE,FALSE,FALSE,FALSE,FALSE,FALSE,FALSE,FALSE,FALSE,FALSE,FALSE,FALSE,TRUE,No,,No,,,,,No,,,,,No,,,,,Yes,Yes,TD,15.454166,18.732206
Chile,LACRO,,,,,,,,,,,,,,,,,,,,,,,,,,,,,,,,,,,,,,,,,,,,,,,,,,,,,,,,,,,,,,,,,,,,,,,,,,,,,,,,,,,,,,,,,,,,,,,,,,,,,,,,,,,,,,,,,,,,,,,,,CL,-35.675148,-71.542969
China,EAPRO,schang@unicef.org,1368000000,State Statistic Bureau (SSB),2014,7430000,SSB,2014,21510000,SSB,2014,48910000,SSB,2014,2580,983528,920770,10694000,1032000,Yes,No,,Yes,Government,No,Yes,Vitamin A; Micronutrients Powders; Salt Iodization; IYCF,Yes,,Yes,FALSE,FALSE,FALSE,FALSE,FALSE,TRUE,FALSE,FALSE,No,Yes-partially – not all provisions of Code and Resolutions included,No,,,,,,,,,,,,Yes,Yes,Minimally,Minimally,No,,,,No,,Yes,,Some elements incorporated into other packages,,No,,Don't know,,,,,,,,Yes,Yes,1-4 weeks,No,,,No,,,,,,,,,,,,,TRUE,FALSE,FALSE,FALSE,FALSE,FALSE,FALSE,Other,,No,,,,,No,,,,,No,,,,,No,No,CN,35.86166,104.1954
Colombia,LACRO,mprodriguez@unicef.org,48202617,Departamento Nal de Estadistica DANE,2015,436722,Departamento Nal de Estadistica DANE- Estimaciones,2015,1304910,Departamento Nal de Estadistica DANE- Estimaciones,2015,2580005,Departamento Nal de Estadistica DANE- Estimaciones,2015,33,28590,,426249,204626,Yes,Yes,2016,No,,,Yes,SAM; Micronutrients Powders,Yes,,Yes,TRUE,FALSE,FALSE,FALSE,FALSE,FALSE,FALSE,FALSE,Yes,No-but law/agreement is drafted/in progress,,,,,,,,,,,,,Yes,Yes,No,No,No,,,,Yes,,Yes,3000,"UNICEF package used, but only 2-3 day training; plus supervision module",,No,,Yes,FALSE,FALSE,FALSE,TRUE,FALSE,FALSE,3100,No,Yes,1-4 weeks,Yes,No,Yes,Yes,FALSE,TRUE,TRUE,FALSE,FALSE,FALSE,FALSE,FALSE,FALSE,FALSE,FALSE,FALSE,FALSE,FALSE,FALSE,FALSE,TRUE,FALSE,FALSE,Yes - Subsidies,No,No,,,,,No,,,,,No,,,,,Yes,Yes,CO,4.570868,-74.297333
Comoros,ESARO,abenaboubacar@unicef.org,784745,RGHP projection 2003,2015,12745,RGHP projection 2003,2015,36883,RGHP projection 2003,2015,71412,RGHP projection 2003,2015,17,77,65,1758,420,Yes,Yes,2016,Yes,Government,Yes,No,,No,IYCF elements are integrated within health & nutrition policy or strategy,No,,,,,,,,,No,Yes-all provisions of Code and Resolutions included,No,,,,,,,,,,,,Yes,No,No,"Yes, comprehensively",Yes,50,,0,Yes,12,No,,,,No,,No,,,,,,,,No,Yes,5-24 weeks,No,,,No,,,,,,,,,,,,,FALSE,FALSE,TRUE,FALSE,FALSE,FALSE,FALSE,Yes - Cash transfers,Yes,No,,,,,No,,,,,"Yes, monitored, recorded and reported",0,0,0,0,Yes,No,KM,-11.875001,43.872219
Congo,WCARO,rnninamou@unicef.org,4966549,EPI,2017,993310,MoH-EPI,2016,198662,MoH-EPI,2016,695317,MoH-EPI,2016,39,384,357,14966,840,Yes,No,,Yes,Government,No,Yes,SAM; Vitamin A; Micronutrients Powders; IYCF,Yes,,Yes,TRUE,FALSE,FALSE,FALSE,TRUE,TRUE,FALSE,FALSE,No,No-but law/agreement is drafted/in progress,,,,,,,,,,,,,Yes,Yes,No,Minimally,Yes,33,33,25,Yes,15,Yes,100,"Entire UNICEF package adapted, 5-day training, plus supervision module",,No,,No,,,,,,,3400,No,No,,Yes,Yes,No,Yes,TRUE,TRUE,TRUE,FALSE,TRUE,FALSE,FALSE,FALSE,TRUE,FALSE,FALSE,FALSE,FALSE,TRUE,FALSE,FALSE,TRUE,FALSE,FALSE,Yes - Cash transfers,Yes,No,,,,,Yes,"Yes, monitored, recorded and reported","Yes, monitored, recorded and reported","Yes, monitored, recorded and reported",Both monitored and reported,No,,,,,Yes,Yes,,-4.0383329,21.758663
Cook Islands,EAPRO,,,,,,,,,,,,,,,,,,,,,,,,,,,,,,,,,,,,,,,,,,,,,,,,,,,,,,,,,,,,,,,,,,,,,,,,,,,,,,,,,,,,,,,,,,,,,,,,,,,,,,,,,,,,,,,,,,,,,,,,,CK,-21.236736,-159.77766
Costa Rica,LACRO,,,,,,,,,,,,,,,,,,,,,,,,,,,,,,,,,,,,,,,,,,,,,,,,,,,,,,,,,,,,,,,,,,,,,,,,,,,,,,,,,,,,,,,,,,,,,,,,,,,,,,,,,,,,,,,,,,,,,,,,,CR,9.7489166,-83.753426
Cote d'Ivoire,WCARO,mcassy@unicef.org,23844230,RGPH 2014 (National census 2014 ajusted),2016,367201,RGPH,2016,1495033,RGPH,2016,1778780,RGPH,2016,82,2930,2830,20419,4167,Yes,Yes,2018,Yes,Government,No,No,,No,IYCF elements are integrated within the nutrition policy or strategy,No,,,,,,,,,Don't know,Yes-partially – not all provisions of Code and Resolutions included,No,,,,,,,,,,,,No,Yes,Minimally,Minimally,Yes,699,699,1400,Yes,82,Yes,700,"UNICEF package used, but only 2-3 day training; plus supervision module",,No,,No,,,,,,,,No,Yes,1-4 weeks,Yes,No,Yes,No,,,,,,,,,,,,,TRUE,TRUE,TRUE,TRUE,TRUE,FALSE,FALSE,No,,No,,,,,No,,,,,"Yes, monitored and recorded, but not reported",,,,,Yes,Yes,,7.539989,-5.54708
Croatia,CEECIS,Nutridash_guest,4289714,"Census, Croatian Central Bureau of Statistics ",2013,.,"Census, Croatian Central Bureau of Statistics ",2013,,"Census, Croatian Central Bureau of Statistics ",2013,.,"Census, Croatian Central Bureau of Statistics ",2013,21,741,49,57395,279,Yes,No,,No,,,No,,Yes,,No,,,,,,,,,Yes,No-but law/agreement is drafted/in progress,,,,,,,,,,,,,No,No,Minimally,Minimally,Yes,13,,,Yes,21,Yes,68,Some elements incorporated into other packages,,No,,Don't know,,,,,,,,No,Yes,1-4 weeks,Yes,No,Yes,Yes,FALSE,FALSE,FALSE,TRUE,TRUE,TRUE,FALSE,TRUE,TRUE,FALSE,FALSE,TRUE,FALSE,FALSE,FALSE,FALSE,TRUE,FALSE,FALSE,Yes - Cash transfers,No,Don't know,,,,,No,,,,,No,,,,,Yes,No,HR,45.099998,15.2
Cuba,LACRO,orodriguez@unicef.org,11238661,"Data entered from last year was: ""Sistema de Información de Demografia. ONEI"" ",2015,61676,"""Sistema de Información de Demografia. ONEI"" ?",2015,185027,"""Sistema de Información de Demografia. ONEI",2015,502615,"""Sistema de Información de Demografia. ONEI",2015,168,11337,10587,495609,12883,Yes,No,,Yes,Government,Yes,Yes,Micronutrients Powders; Salt Iodization,Yes,,Yes,TRUE,FALSE,FALSE,FALSE,FALSE,TRUE,FALSE,FALSE,Yes,Yes-partially – not all provisions of Code and Resolutions included,No,,,,,,,,,,,,No,Yes,"Yes, comprehensively","Yes, comprehensively",Yes,10000,451,12883,Yes,168,Yes,1340,"UNICEF package used, but only 2-3 day training; plus supervision module",,Yes,Every 6 months,Yes,FALSE,FALSE,TRUE,FALSE,TRUE,TRUE,123352,Yes,Yes,25-52 weeks,Yes,No,Yes,No,,,,,,,,,,,,,FALSE,TRUE,TRUE,TRUE,TRUE,FALSE,FALSE,Yes - Subsidies,No,Yes,"Yes, monitored, recorded and reported","Yes, monitored, recorded and reported","Yes, monitored, recorded and reported","Yes, monitored, recorded and reported",Yes,"Yes, monitored, recorded and reported","Yes, monitored, recorded and reported","Yes, monitored, recorded and reported",Both monitored and reported,"Yes, monitored, recorded and reported",,,,,Yes,Yes,CU,21.521757,-77.781166
Democratic Republic of Congo,WCARO,amkanene@unicef.org,86026000,National Institute of Statistics estimates,2015,16258914,National Institute of Statistics estimates,2015,4877674,National Institute of Statistics estimates,2015,10607006,National Institute of Statistics estimates,2015,516,8707,8707,17392,43480,Yes,Yes,2016,Yes,Government,Yes,Yes,Vitamin A; IYCF,Yes,,Yes,TRUE,FALSE,FALSE,FALSE,FALSE,FALSE,FALSE,FALSE,No,Yes-partially – not all provisions of Code and Resolutions included,Yes,TRUE,FALSE,FALSE,FALSE,One monitoring activity,Yes,Don't know,,,,,Yes,Yes,Minimally,Minimally,Yes,3448,3448,384,Yes,426,Yes,1876,"UNICEF package used, but only 2-3 day training; plus supervision module",,Yes,Each month,No,,,,,,,208732,No,Yes,5-24 weeks,No,,,Yes,TRUE,TRUE,TRUE,FALSE,FALSE,FALSE,FALSE,FALSE,FALSE,FALSE,FALSE,FALSE,FALSE,TRUE,TRUE,TRUE,FALSE,FALSE,FALSE,Yes - Food vouchers/food stamps,No,Yes,"Yes, monitored, recorded and reported","Yes, monitored, recorded and reported","Yes, monitored, recorded and reported","Yes, monitored, recorded and reported",Yes,No,No,"Yes, monitored, recorded and reported",Both monitored and reported,No,,,,,Yes,Yes,,-.228021,15.827659
Djibouti,MENA,ksagno@unicef.org,965597,"UN Populations Division, World Population Pro",2015,13897,"UN Populations Division, World Population Pro",2015,33441,"UN Populations Division, World Population Pro",2015,65210,Unavailable,2015,6,55,46,2389,552,Yes,No,,Yes,Government,No,Yes,SAM,No,No policy/strategy at all,Yes,TRUE,FALSE,TRUE,FALSE,FALSE,TRUE,TRUE,FALSE,No,No-but law/agreement is drafted/in progress,,,,,,,,,,,,,No,Yes,No,No,Yes,40,40,46,Yes,6,Yes,46,"Entire UNICEF package adapted, 5-day training, plus supervision module",,No,,No,,,,,,,23012,No,Yes,5-24 weeks,Yes,No,Yes,Yes,TRUE,TRUE,TRUE,TRUE,TRUE,TRUE,FALSE,TRUE,TRUE,FALSE,FALSE,TRUE,FALSE,TRUE,FALSE,TRUE,FALSE,FALSE,FALSE,Yes - Cash transfers,No,No,,,,,Yes,"Yes, monitored and recorded, but not reported","Yes, monitored and recorded, but not reported","Yes, monitored and recorded, but not reported",Monitored,No,,,,,Yes,Yes,DJ,11.825138,42.590275
Dominica,LACRO,,,,,,,,,,,,,,,,,,,,,,,,,,,,,,,,,,,,,,,,,,,,,,,,,,,,,,,,,,,,,,,,,,,,,,,,,,,,,,,,,,,,,,,,,,,,,,,,,,,,,,,,,,,,,,,,,,,,,,,,,DM,15.414999,-61.370975
Dominican Republic,LACRO,,,,,,,,,,,,,,,,,,,,,,,,,,,,,,,,,,,,,,,,,,,,,,,,,,,,,,,,,,,,,,,,,,,,,,,,,,,,,,,,,,,,,,,,,,,,,,,,,,,,,,,,,,,,,,,,,,,,,,,,,DO,18.735693,-70.162651
Ecuador,LACRO,mksilva@unicef.org,16528730,INEC population projection,2016,167111,INEC population projection,2016,501361,INEC population projection,2016,1007547,INEC population projection,2016,140,2179,1985,.,.,Yes,Yes,2016,Yes,Government,Yes,Yes,Other,Yes,,Yes,TRUE,FALSE,FALSE,FALSE,FALSE,FALSE,FALSE,FALSE,Yes,No-but law/agreement is drafted/in progress,,,,,,,,,,,,,No,No,Minimally,Minimally,Yes,1985,1985,,Yes,140,No,,,,No,,Yes,FALSE,FALSE,FALSE,TRUE,TRUE,FALSE,,No,No,,Yes,No,Yes,No,,,,,,,,,,,,,FALSE,FALSE,TRUE,FALSE,TRUE,FALSE,FALSE,Other,,No,,,,,No,,,,,"Yes, monitored and recorded, but not reported",,,,,Yes,No,EC,-1.831239,-78.183403
Egypt,MENA,ahafiz@unicef.org,90086million,"Central Agendy for Public Mobilization and Statistics(CAPMAS )data,  January 2016",2016,.,Unavailable,Unavailable,,Unavailable,Unavailable,.,Unavailable,Unavailable,187,.,5000,.,13000,No,Yes,2016,No,,,Yes,Vitamin A; Salt Iodization; IYCF,No,IYCF elements are integrated within the nutrition policy or strategy,No,,,,,,,,,No,Yes-all provisions of Code and Resolutions included,Yes,TRUE,TRUE,FALSE,FALSE,No monitoring was done last year,Yes,Yes,FALSE,FALSE,TRUE,FALSE,No,Yes,Minimally,Minimally,Yes,,93,750,No,,No,,,,Yes,Each month,No,,,,,,,,No,No,,Yes,Yes,No,No,,,,,,,,,,,,,FALSE,FALSE,FALSE,FALSE,TRUE,FALSE,FALSE,Yes - Cash transfers,Yes,Yes,No,"Yes, monitored and recorded, but not reported","Yes, monitored and recorded, but not reported","Yes, monitored and recorded, but not reported",No,,,,,No,,,,,,,EG,26.820553,30.802498
El Salvador,LACRO,drivera@unicef.org,64660271,"National Statistics Direction, ECLAC, UNFPA"" ?",2014,65547,"UN Populations Division, World Population Pro",2013,192342,"UN Populations Division, World Population Pro",2013,376627,"UN Populations Division, World Population Pro",2013,262,738,708,29290,12594,Yes,Yes,2017,Yes,Government,Yes,Yes,SAM,Yes,,Yes,TRUE,FALSE,FALSE,FALSE,FALSE,TRUE,FALSE,FALSE,Yes,Yes-all provisions of Code and Resolutions included,Yes,TRUE,TRUE,FALSE,FALSE,No monitoring was done last year,No,Don't know,,,,,No,No,Minimally,Minimally,Yes,708,500,250,Yes,150,Yes,250,Some elements incorporated into other packages,,Yes,Unsure of frequency,Yes,FALSE,TRUE,FALSE,FALSE,FALSE,FALSE,85000,No,No,,No,,,Yes,FALSE,TRUE,FALSE,TRUE,FALSE,TRUE,FALSE,FALSE,FALSE,FALSE,FALSE,FALSE,FALSE,FALSE,FALSE,TRUE,FALSE,FALSE,FALSE,Yes - Cash transfers,Yes,Yes,"Yes, monitored and recorded, but not reported","Yes, monitored and recorded, but not reported","Yes, monitored and recorded, but not reported","Yes, monitored and recorded, but not reported",Don't know,,,,,"Yes, monitored and recorded, but not reported",,,,,Yes,Yes,SV,13.794185,-88.89653
Equatorial Guinea,WCARO,mnzinzang@unicef.org,845000,"UN Populations Division, World Population Prospects",2015,12908,"UN Populations Division, World Population Prospects",2015,37888,"UN Populations Division, World Population Prospects",2015,70804,"UN Populations Division, World Population Prospects",2015,18,65,47,.,.,Yes,No,,No,,,Yes,SAM; Vitamin A; Micronutrients Powders; IYCF,No,No policy/strategy at all,No,,,,,,,,,Yes,No-no laws or actions,,,,,,,,,,,,,No,Yes,"Yes, comprehensively","Yes, comprehensively",No,,,,No,,No,,,,No,,No,,,,,,,,No,No,,No,,,No,,,,,,,,,,,,,FALSE,TRUE,FALSE,FALSE,FALSE,FALSE,FALSE,No,,No,,,,,No,,,,,No,219,219,,,No,No,GQ,1.6508009,10.267895
Eritrea,ESARO,hatesfamariam@unicef.org,3695235,National Statistics Office,2016,73905,National Statistics Office,2016,133028,National Statistics Office,2016,347352,National Statistics Office,2016,58,295,273,5154,3000,Yes,Yes,2016,Yes,Government,Yes,Yes,SAM; Vitamin A; Micronutrients Powders; Salt Iodization; IYCF,Yes,,Yes,FALSE,FALSE,FALSE,FALSE,TRUE,TRUE,FALSE,FALSE,No,No-but law/agreement is drafted/in progress,,,,,,,,,,,,,No,Yes,"Yes, comprehensively","Yes, comprehensively",Yes,273,273,37,Yes,58,Yes,414,"Entire UNICEF package adapted, 5-day training, plus supervision module",,Yes,Unsure of frequency,No,,,,,,,,No,Yes,1-4 weeks,No,,,No,,,,,,,,,,,,,FALSE,TRUE,FALSE,FALSE,FALSE,FALSE,FALSE,No,,No,,,,,No,,,,,No,,,,,Yes,Yes,ER,15.179384,39.782333
Ethiopia,ESARO,kyyoon@unicef.org,99390750,"UN DESA, World Population Prospect 2015",2015,706203,UNICEF calculation using MoH conversion factor,2015,3140748,UNICEF calculation using MoH conversion factor,2015,10654688,UNICEF calculation using MoH conversion factor,2015,846,19215,19024,33322,34586,Yes,No,,Yes,Government,Yes,Yes,SAM; Vitamin A; IYCF,Yes,,No,,,,,,,,,No,Yes-partially – not all provisions of Code and Resolutions included,Yes,TRUE,FALSE,FALSE,FALSE,No monitoring was done last year,No,Yes,FALSE,FALSE,TRUE,FALSE,No,Yes,Minimally,Minimally,Yes,19024,19024,6836,Yes,475,Yes,33931,Some elements incorporated into other packages,,Yes,Each month,Yes,TRUE,FALSE,FALSE,FALSE,FALSE,FALSE,1470558,Yes,Yes,25-52 weeks,Yes,No,Yes,No,,,,,,,,,,,,,FALSE,TRUE,TRUE,FALSE,TRUE,FALSE,FALSE,Other,,Yes,No,No,No,No,Yes,No,No,No,Not monitored or reported,No,,,,,Yes,No,ET,9.1450005,40.489674
Federated States of Micronesia,EAPRO,,,,,,,,,,,,,,,,,,,,,,,,,,,,,,,,,,,,,,,,,,,,,,,,,,,,,,,,,,,,,,,,,,,,,,,,,,,,,,,,,,,,,,,,,,,,,,,,,,,,,,,,,,,,,,,,,,,,,,,,,,7.4255538,150.55081
Fiji,EAPRO,upalaniappan@unicef.org,867000,SPC Mid-yr Estimates 2015,2015,8150,tot pop( SPC mid-yr estimate) x 9.4%/5 x0.5,2015,24450,tot pop( SPC mid-yr estimate) x 9.4%/5 x1.5,2015,48900,tot pop( SPC mid-yr estimate) x 9.4%/5 x3,2015,16,101,78,2912,115,Yes,Yes,2017,Yes,Government,Yes,Yes,SAM; Vitamin A; IYCF,No,IYCF elements are integrated within the nutrition policy or strategy,No,,,,,,,,,Yes,Yes-all provisions of Code and Resolutions included,Yes,TRUE,FALSE,FALSE,FALSE,No monitoring was done last year,No,No,,,,,No,No,Minimally,Minimally,Yes,78,,,Don't know,,No,,,,Yes,Once per year,No,,,,,,,,No,Yes,1-4 weeks,Yes,No,Yes,No,,,,,,,,,,,,,FALSE,TRUE,TRUE,FALSE,TRUE,FALSE,FALSE,Other,,No,,,,,Yes,"Yes, monitored and recorded, but not reported","Yes, monitored and recorded, but not reported","Yes, monitored and recorded, but not reported",Monitored,No,,,,,,,FJ,-16.578194,179.41441
Gabon,WCARO,jguikoumbi@unicef.org,1966693,RGPL 2013,2016,304.837,RGPL 2013,2016,,Unavailable,Unavailable,.,Unavailable,Unavailable,52,703,700,12,.,Yes,No,,Yes,Government,Yes,Yes,SAM; Vitamin A; IYCF,No,IYCF elements are integrated within health & nutrition policy or strategy,No,,,,,,,,,No,Yes-all provisions of Code and Resolutions included,Yes,TRUE,FALSE,FALSE,FALSE,No monitoring was done last year,No,No,,,,,Yes,Yes,Minimally,Minimally,Yes,200,150,10,No,,No,,,,No,,No,,,,,,,,No,Yes,1-4 weeks,No,,,No,,,,,,,,,,,,,FALSE,TRUE,FALSE,FALSE,FALSE,FALSE,FALSE,No,,Yes,"Yes, monitored, recorded and reported","Yes, monitored, recorded and reported","Yes, monitored, recorded and reported","Yes, monitored, recorded and reported",No,,,,,No,,,,,Yes,Yes,GA,-.803689,11.609444
Gambia,WCARO,ealden@unicef.org; asarr@unicef.org,2092163,Gambia 2013 Census Projections,2016,40074,Gambia 2013 Census Projections,2016,116429,Gambia 2013 Census Projections,2016,209626,Gambia 2013 Census Projections,2016,7,111,62,1592,266,Yes,Yes,2016,Yes,Government,Yes,No,SAM; Vitamin A; IYCF,No,IYCF elements are integrated within the nutrition policy or strategy,No,,,,,,,,,No,Yes-all provisions of Code and Resolutions included,Yes,TRUE,FALSE,FALSE,FALSE,Monitoring is a continuous activity,Yes,No,,,,,Yes,Yes,No,No,Yes,111,111,52,Yes,7,Yes,1200,"Entire UNICEF package adapted, 5-day training, plus supervision module",,Yes,Every 6 months,Yes,FALSE,TRUE,FALSE,FALSE,FALSE,FALSE,19000,No,Yes,5-24 weeks,Yes,No,Yes,Yes,TRUE,FALSE,FALSE,FALSE,FALSE,FALSE,FALSE,FALSE,FALSE,FALSE,FALSE,FALSE,FALSE,TRUE,TRUE,TRUE,FALSE,FALSE,FALSE,Yes - Cash transfers,No,No,,,,,No,,,,,No,,,,,Yes,Yes,GM,13.443182,-15.310139
Georgia,CEECIS,Deactivated,,,,,,,,,,,,,,,,,,,,,,,,,,,,,,,,,,,,,,,,,,,,,,,,,,,,,,,,,,,,,,,,,,,,,,,,,,,,,,,,,,,,,,,,,,,,,,,,,,,,,,,,,,,,,,,,,,,,,,,,GE,42.315407,43.356892
Ghana,WCARO,amahama@unicef.org,27971259,Population and Housing Census-2010 (2015 projected),2015,559425,Population and Housing Census-2010 (2015 projected),2015,1678276,Population and Housing Census-2010 (2015 projected),2015,3356551,Population and Housing Census-2010 (2015 projected),2015,216,6713,5936,.,.,Yes,Yes,2016,Yes,Government,Yes,Yes,SAM; Vitamin A; IYCF; Other,Yes,,No,,,,,,,,,Yes,Yes-all provisions of Code and Resolutions included,Yes,TRUE,FALSE,FALSE,FALSE,No monitoring was done last year,No,Don't know,,,,,Yes,Yes,Minimally,"Yes, comprehensively",Yes,5936,5936,1044,Yes,216,No,,,,Yes,Every 3 months,No,,,,,,,,No,Yes,1-4 weeks,Yes,No,Yes,No,,,,,,,,,,,,,FALSE,FALSE,FALSE,FALSE,TRUE,FALSE,FALSE,Yes - Cash transfers,Yes,Yes,"Yes, monitored and recorded, but not reported","Yes, monitored, recorded and reported","Yes, monitored and recorded, but not reported","Yes, monitored and recorded, but not reported",Yes,"Yes, monitored and recorded, but not reported","Yes, monitored and recorded, but not reported","Yes, monitored and recorded, but not reported",Monitored,No,,,,,Yes,Yes,GH,7.946527,-1.023194
Grenada,LACRO,,,,,,,,,,,,,,,,,,,,,,,,,,,,,,,,,,,,,,,,,,,,,,,,,,,,,,,,,,,,,,,,,,,,,,,,,,,,,,,,,,,,,,,,,,,,,,,,,,,,,,,,,,,,,,,,,,,,,,,,,GD,12.262776,-61.604172
Guatemala,LACRO,adsanchez@unicef.org,16210980,DGSIAS,2015,464636,DGSIAS,2015,915813,DGSIAS,2015,1338702,INE,2015,29,1435,1265,.,.,Yes,No,,Yes,Government,Yes,Yes,Other,Yes,,Yes,TRUE,FALSE,FALSE,FALSE,FALSE,TRUE,FALSE,FALSE,Yes,Yes-all provisions of Code and Resolutions included,Yes,TRUE,TRUE,FALSE,FALSE,More than one monitoring activity,Yes,No,,,,,No,Yes,Minimally,Minimally,Yes,1249,1249,,Yes,200,Yes,,Package not used,MoH,No,,Yes,FALSE,FALSE,TRUE,FALSE,TRUE,FALSE,,Yes,Don't know,,Yes,Yes,No,Yes,TRUE,TRUE,TRUE,FALSE,TRUE,FALSE,FALSE,FALSE,FALSE,FALSE,FALSE,TRUE,FALSE,FALSE,TRUE,FALSE,FALSE,FALSE,FALSE,Yes - Cash transfers,No,No,,,,,No,,,,,No,,,,,Yes,Yes,GT,15.783471,-90.230759
Guinea,WCARO,ingnieteta@unicef.org,11167064,Guinea National census,2014,333054,Guinea national census estimates,2014,688757,Guinea national census estimates,2014,1087529,Guinea national census estimates,2014,38,444,410,.,1800,Yes,Yes,2017,Yes,Government,No,Yes,Vitamin A,Yes,,Yes,TRUE,FALSE,FALSE,FALSE,FALSE,FALSE,FALSE,TRUE,No,Yes-partially – not all provisions of Code and Resolutions included,No,,,,,,,,,,,,Yes,Yes,Minimally,Minimally,No,,,45,No,,Yes,800,"Entire UNICEF package adapted, 5-day training, plus supervision module",,No,,Yes,FALSE,FALSE,FALSE,FALSE,FALSE,TRUE,,No,Yes,1-4 weeks,Yes,No,Yes,No,,,,,,,,,,,,,FALSE,FALSE,FALSE,TRUE,FALSE,FALSE,FALSE,No,,No,,,,,Yes,No,No,"Yes, monitored and recorded, but not reported",Reported,"Yes, monitored and recorded, but not reported",,,,,Yes,Yes,GN,9.9455872,-9.6966448
Guinea Bissau,WCARO,fbalde@unicef.org,1547754,"MOH, INASA projections 2016",2016,263118,"MOH, INASA projections 2016",2016,,Unavailable,Unavailable,.,Unavailable,Unavailable,9,114,114,.,4287,Yes,No,,Yes,Government,Yes,No,,No,IYCF elements are integrated within health & nutrition policy or strategy,Yes,FALSE,FALSE,FALSE,FALSE,TRUE,TRUE,FALSE,FALSE,No,No-but law/agreement is drafted/in progress,,,,,,,,,,,,,Yes,Yes,Minimally,Minimally,Yes,67,,,Yes,67,No,,,,No,,No,,,,,,,,No,No,,No,,,No,,,,,,,,,,,,,TRUE,TRUE,TRUE,FALSE,FALSE,FALSE,FALSE,No,,Yes,"Yes, monitored, recorded and reported","Yes, monitored, recorded and reported","Yes, monitored, recorded and reported",Don't know,Yes,"Yes, monitored, recorded and reported","Yes, monitored, recorded and reported","Yes, monitored, recorded and reported",Both monitored and reported,No,,,,,Yes,Yes,,11.803749,-15.180413
Guyana,LACRO,cmcalmont@unicef.org,747884,Guyana Population Census,2012,7312,"UN Populations Division, World Population Pro",2013,23314,"UN Populations Division, World Population Pro",2013,53476,"UN Populations Division, World Population Pro",2013,26,374,374,1001,349,Yes,Yes,2017,Yes,Government,Yes,No,,No,IYCF elements are integrated within health & nutrition policy or strategy,No,,,,,,,,,Yes,Yes-voluntary agreement between Government and manufacturers,Yes,TRUE,FALSE,FALSE,FALSE,No monitoring was done last year,No,Yes,FALSE,FALSE,TRUE,FALSE,No,Yes,No,"Yes, comprehensively",Yes,200,370,103,Yes,26,Yes,39,Some elements incorporated into other packages,,Yes,Unsure of frequency,Yes,FALSE,FALSE,FALSE,FALSE,FALSE,TRUE,30626,No,Yes,5-24 weeks,No,,,Yes,TRUE,TRUE,FALSE,FALSE,FALSE,FALSE,FALSE,FALSE,FALSE,FALSE,FALSE,TRUE,FALSE,TRUE,TRUE,FALSE,FALSE,FALSE,FALSE,No,,Yes,"Yes, monitored, recorded and reported","Yes, monitored, recorded and reported","Yes, monitored, recorded and reported","Yes, monitored, recorded and reported",Yes,"Yes, monitored, recorded and reported","Yes, monitored, recorded and reported","Yes, monitored, recorded and reported",Both monitored and reported,"Yes, monitored, recorded and reported",149,1,86,0,Yes,Yes,GY,4.8604159,-58.93018
Haiti,LACRO,edblain@unicef.org; jdesormeaux@unicef.org,11078034.0,IHSI,2016,130721,IHSI,2016,415426,IHSI,2016,830852,IHSI,2016,10,1048,434,.,2818,Yes,Yes,2016,Yes,Government,No,Yes,SAM; Vitamin A; Micronutrients Powders; Salt Iodization; IYCF,Yes,,Yes,TRUE,FALSE,FALSE,FALSE,FALSE,FALSE,FALSE,FALSE,No,No-no laws or actions,,,,,,,,,,,,,Yes,Yes,Minimally,Minimally,Yes,,,200,Yes,10,Yes,438,Some elements incorporated into other packages,,No,,Don't know,,,,,,,10000,No,No,,No,,,Yes,FALSE,TRUE,FALSE,FALSE,FALSE,FALSE,FALSE,FALSE,FALSE,FALSE,FALSE,TRUE,FALSE,TRUE,FALSE,FALSE,TRUE,FALSE,FALSE,No,,No,,,,,No,,,,,No,,,,,Yes,Yes,HT,18.971188,-72.285217
Honduras,LACRO,,,,,,,,,,,,,,,,,,,,,,,,,,,,,,,,,,,,,,,,,,,,,,,,,,,,,,,,,,,,,,,,,,,,,,,,,,,,,,,,,,,,,,,,,,,,,,,,,,,,,,,,,,,,,,,,,,,,,,,,,HN,15.199999,-86.241905
India,ROSA,gasingh@unicef.org,1210million,Census ,2011,10.5million,Census,2011,30.91,Census,2011,70.73million,Census,2011,672,32489,25308,267842,2188000,Yes,Yes,2016,No,Other,,No,,Yes,,No,,,,,,,,,Yes,Yes-all provisions of Code and Resolutions included,Yes,FALSE,FALSE,TRUE,FALSE,More than one monitoring activity,No,Yes,FALSE,TRUE,FALSE,FALSE,Yes,Yes,Minimally,Minimally,Yes,,,,Yes,,Yes,,"UNICEF package used, but only 2-3 day training; without supervision module",,Yes,Unsure of frequency,Yes,FALSE,FALSE,FALSE,TRUE,TRUE,FALSE,,No,Yes,1-4 weeks,Yes,No,Yes,Don't know,,,,,,,,,,,,,TRUE,TRUE,TRUE,TRUE,TRUE,FALSE,FALSE,Yes - Cash transfers,Yes,Yes,No,"Yes, monitored, recorded and reported",No,No,Yes,No,"Yes, monitored, recorded and reported","Yes, monitored and recorded, but not reported",Monitored,No,,,,,No,No,IN,20.593683,78.962883
Indonesia,EAPRO,aroshita@unicef.org,255461700,"Statistics Office, Indonesia Population Projection ",2100,24065500,"Statistics Office, Indonesia Population Projection",2013,9024563,"Statistics Office, Indonesia Population Projection",2013,12032750,"Statistics Office, Indonesia Population Projection",2013,510,10334,9731,772078,1448175,Yes,No,,Yes,Government,No,No,Other,Yes,,Yes,TRUE,FALSE,FALSE,FALSE,FALSE,TRUE,FALSE,FALSE,Yes,Yes-partially – not all provisions of Code and Resolutions included,Yes,TRUE,FALSE,FALSE,FALSE,No monitoring was done last year,No,Don't know,,,,,Yes,Yes,Minimally,Minimally,Yes,9731,9731,,Yes,115,Yes,5000,"Entire UNICEF package adapted, 5-day training, plus supervision module",,Yes,Unsure of frequency,Don't know,,,,,,,,No,Don't know,,No,,,Yes,TRUE,TRUE,FALSE,FALSE,TRUE,TRUE,FALSE,TRUE,TRUE,TRUE,FALSE,FALSE,FALSE,TRUE,TRUE,FALSE,TRUE,FALSE,FALSE,Yes - Cash transfers,No,Yes,No,"Yes, monitored, recorded and reported",No,No,Yes,No,No,No,Not monitored or reported,No,,,,,Yes,Yes,ID,-.78927499,113.92133
Iran (Islamic Republic of),MENA,,,,,,,,,,,,,,,,,,,,,,,,,,,,,,,,,,,,,,,,,,,,,,,,,,,,,,,,,,,,,,,,,,,,,,,,,,,,,,,,,,,,,,,,,,,,,,,,,,,,,,,,,,,,,,,,,,,,,,,,,,32.42791,53.688046
Iraq,MENA,,,,,,,,,,,,,,,,,,,,,,,,,,,,,,,,,,,,,,,,,,,,,,,,,,,,,,,,,,,,,,,,,,,,,,,,,,,,,,,,,,,,,,,,,,,,,,,,,,,,,,,,,,,,,,,,,,,,,,,,,IQ,33.22319,43.679291
Jamaica,LACRO,damedmondson@unicef.org,2728907,Statistical Institute of Jamaica - Intercensal estimate,2015,.,Unavailable,Unavailable,,Unavailable,Unavailable,112791,Statistical Institute of Jamaica - Intercensal estimates,2015,14,341,317,12874,726,Yes,Yes,2017,Yes,Government,Yes,No,,Yes,,No,,,,,,,,,Yes,Yes-voluntary agreement between Government and manufacturers,Yes,FALSE,TRUE,FALSE,FALSE,Monitoring is a continuous activity,No,Yes,FALSE,FALSE,TRUE,FALSE,Yes,Yes,Minimally,Minimally,Yes,317,317,550,Yes,14,Yes,175,"Entire UNICEF package adapted, 5-day training, without supervision module",,Yes,Unsure of frequency,Yes,TRUE,FALSE,TRUE,TRUE,TRUE,TRUE,,Yes,Yes,1-4 weeks,Yes,No,Yes,No,,,,,,,,,,,,,FALSE,FALSE,TRUE,FALSE,TRUE,FALSE,FALSE,Yes - Cash transfers,No,Yes,"Yes, monitored and recorded, but not reported","Yes, monitored and recorded, but not reported","Yes, monitored and recorded, but not reported","Yes, monitored and recorded, but not reported",Yes,"Yes, monitored and recorded, but not reported","Yes, monitored and recorded, but not reported","Yes, monitored and recorded, but not reported",Monitored,"Yes, monitored, recorded and reported",881,,881,,Yes,Yes,JM,18.109581,-77.297508
Jordan,MENA,balkhatib@unicef.org,9531712,DoS Census,2015,.,Unavailable,Unavailable,,Unavailable,Unavailable,921214,DoS Census,2015,51,737,699,68552,.,No,No,,Yes,NGO,Yes,No,,Yes,,No,,,,,,,,,No,No-but law/agreement is drafted/in progress,,,,,,,,,,,,,Yes,No,No,No,No,,,,Yes,7,Yes,90,"Entire UNICEF package adapted, 5-day training, plus supervision module",,No,,Yes,FALSE,TRUE,TRUE,FALSE,TRUE,FALSE,,Yes,Yes,5-24 weeks,Yes,Yes,Yes,Yes,TRUE,TRUE,TRUE,TRUE,TRUE,TRUE,TRUE,TRUE,TRUE,FALSE,FALSE,TRUE,FALSE,FALSE,FALSE,FALSE,FALSE,TRUE,FALSE,Yes - Cash transfers,Yes,Yes,"Yes, monitored and recorded, but not reported","Yes, monitored and recorded, but not reported","Yes, monitored and recorded, but not reported","Yes, monitored, recorded and reported",Yes,"Yes, monitored, recorded and reported","Yes, monitored, recorded and reported","Yes, monitored, recorded and reported",Not monitored or reported,No,,,,,No,No,JO,30.585163,36.238415
Kazakhstan,CEECIS,,,,,,,,,,,,,,,,,,,,,,,,,,,,,,,,,,,,,,,,,,,,,,,,,,,,,,,,,,,,,,,,,,,,,,,,,,,,,,,,,,,,,,,,,,,,,,,,,,,,,,,,,,,,,,,,,,,,,,,,,KZ,48.019573,66.923683
Kenya,ESARO,agreig@micronutrient.org; lkiige@unicef.org,48004309,Projection from 2009 census by Kenya Bureau of statistics ,2016,739266,Population projection from the 2009 census by Kenya Bureau of Statistics,2016,2069946,Calculation from the projected population from the 2009 census data estimate.  ,2016,4583451,Calculated from the 2009 census projected population ,2016,47,.,,.,.,Yes,Yes,2016,Yes,Government,Yes,Yes,SAM; IYCF; Other,Yes,,No,,,,,,,,,No,Yes-all provisions of Code and Resolutions included,Yes,FALSE,TRUE,FALSE,FALSE,Monitoring is a continuous activity,Yes,Yes,FALSE,FALSE,TRUE,FALSE,Yes,Yes,Minimally,Minimally,Yes,,,,Yes,22,Yes,,"UNICEF package used, but only 2-3 day training; without supervision module",,Yes,Other,No,,,,,,,,Yes,Yes,1-4 weeks,Yes,No,Yes,Yes,TRUE,TRUE,TRUE,FALSE,TRUE,TRUE,FALSE,FALSE,TRUE,FALSE,FALSE,TRUE,FALSE,TRUE,FALSE,FALSE,FALSE,FALSE,FALSE,Yes - Cash transfers,Yes,Yes,No,"Yes, monitored, recorded and reported","Yes, monitored, recorded and reported","Yes, monitored, recorded and reported",No,,,,,"Yes, monitored and recorded, but not reported",,,,,Yes,Yes,KE,-.023559,37.906193
Kiribati,EAPRO,,,,,,,,,,,,,,,,,,,,,,,,,,,No,Other,No,,,,,,,,,Yes,No-no laws or actions,,,,,,,,,,,,,No,No,Minimally,Minimally,Yes,,,0,Yes,2,No,,,,Yes,Once per year,No,,,,,,,,No,No,,No,,,No,,,,,,,,,,,,,FALSE,FALSE,FALSE,FALSE,FALSE,TRUE,FALSE,No,,No,,,,,No,,,,,No,,,,,Yes,No,KI,-3.3704171,-168.73404
"Korea, Democratic People's Republic of",EAPRO,whazem@unicef.org,24192506,Central Bureau of Statistics,2014,172340,CBS,2014,537635,CBS,2014,1056000,CBS,2014,210,7971,7971,215727,.,Yes,No,,Yes,Other,No,Yes,SAM; Vitamin A; Micronutrients Powders; Other,No,IYCF elements are integrated within the nutrition policy or strategy,No,,,,,,,,,No,No-no laws or actions,,,,,,,,,,,,,No,No,No,No,No,,,,No,,No,,,,No,,No,,,,,,,,No,No,,No,,,No,,,,,,,,,,,,,FALSE,FALSE,FALSE,FALSE,FALSE,TRUE,FALSE,No,,No,,,,,No,,,,,No,,,,,Yes,Yes,,40.339851,127.51009
Kosovo,CEECIS,,,,,,,,,,,,,,,,,,,,,,,,,,,,,,,,,,,,,,,,,,,,,,,,,,,,,,,,,,,,,,,,,,,,,,,,,,,,,,,,,,,,,,,,,,,,,,,,,,,,,,,,,,,,,,,,,,,,,,,,,XK,42.602634,20.902977
Kuwait,MENA,,,,,,,,,,,,,,,,,,,,,,,,,,,,,,,,,,,,,,,,,,,,,,,,,,,,,,,,,,,,,,,,,,,,,,,,,,,,,,,,,,,,,,,,,,,,,,,,,,,,,,,,,,,,,,,,,,,,,,,,,KW,29.311661,47.481766
Kyrgyzstan,CEECIS,dabakirova@unicef.org,6019480,National Statistic Committee,2016,76400,Republican Medical Information Centre,2016,239473,Republican Medical Infromation Centre,2016,445871,Republican Medical Information Centre,2016,47,376,111,71335,2100,Yes,Yes,2016,Yes,Government,Yes,No,,Yes,,Yes,TRUE,FALSE,FALSE,FALSE,FALSE,FALSE,FALSE,FALSE,Yes,Yes-all provisions of Code and Resolutions included,Yes,TRUE,TRUE,TRUE,FALSE,More than one monitoring activity,Yes,Yes,FALSE,TRUE,FALSE,FALSE,Yes,Yes,"Yes, comprehensively","Yes, comprehensively",Yes,111,111,34567,Yes,47,Yes,2000,"Entire UNICEF package adapted, 5-day training, without supervision module",,Yes,Other,Yes,TRUE,FALSE,TRUE,FALSE,TRUE,FALSE,,No,Yes,5-24 weeks,Yes,No,Yes,No,,,,,,,,,,,,,TRUE,TRUE,TRUE,FALSE,TRUE,FALSE,FALSE,Yes - Cash transfers,Yes,Yes,"Yes, monitored, recorded and reported","Yes, monitored, recorded and reported","Yes, monitored, recorded and reported","Yes, monitored, recorded and reported",Yes,"Yes, monitored and recorded, but not reported","Yes, monitored and recorded, but not reported",Don't know,Reported,No,,,,,Yes,No,KG,41.20438,74.766098
Lao People's Democratic Republic,EAPRO,kcourtneyhaag@unicef.org,6256197,Lao 2015 Census Population ,2015,87228,EPI data,2015,272000,EPI data,2015,464574,EPI data,2015,148,1091,960,9848,11005,Yes,Yes,2016,Yes,Government,Yes,Yes,SAM,Yes,,Yes,TRUE,TRUE,TRUE,FALSE,FALSE,FALSE,FALSE,FALSE,Yes,Yes-partially – not all provisions of Code and Resolutions included,Yes,TRUE,FALSE,FALSE,FALSE,One monitoring activity,Yes,Yes,FALSE,FALSE,TRUE,FALSE,Yes,Yes,Minimally,Minimally,Yes,140,140,300,Yes,18,Yes,3000,"UNICEF package used, but only 2-3 day training; plus supervision module",,Yes,Once per year,No,,,,,,,16500,No,Yes,5-24 weeks,No,,,No,,,,,,,,,,,,,FALSE,TRUE,TRUE,TRUE,FALSE,FALSE,FALSE,Don't know,,No,,,,,No,,,,,No,,,,,Yes,Yes,,19.85627,102.4955
Lebanon,MENA,hsebuliba@unicef.org,5491506,MoPH population estimates 2015 ,2015,558008,"""EPI population estimates 2015",2015,166797,EPI population estimates,2015,389211,EPI underfive estimates,2015,26,946,242,.,.,No,No,,Yes,Other UN Agency,Yes,No,,No,No policy/strategy at all,No,,,,,,,,,No,Yes-all provisions of Code and Resolutions included,Yes,TRUE,FALSE,FALSE,FALSE,Monitoring is a continuous activity,Yes,No,,,,,Yes,Yes,Minimally,"Yes, comprehensively",No,,,,Yes,17,Yes,271,Some elements incorporated into other packages,,No,,Yes,FALSE,TRUE,FALSE,TRUE,FALSE,FALSE,33845,No,Yes,5-24 weeks,No,,,Yes,TRUE,TRUE,TRUE,TRUE,TRUE,FALSE,TRUE,TRUE,TRUE,FALSE,FALSE,FALSE,FALSE,TRUE,FALSE,FALSE,FALSE,FALSE,FALSE,Yes - Cash transfers,No,No,,,,,No,,,,,No,,,,,Yes,Yes,LB,33.854721,35.862286
Lesotho,ESARO,lmathule@unicef.org,1932813,EPI ESTIMATES,2016,26010,EPI ESTIMATES ,2016,78030,EPI ESTIMATES ,2016,153773,EPI ESTIMATES,2016,10,216,216,500,7000,Yes,Yes,2016,Yes,Government,No,Yes,IYCF,Yes,,No,,,,,,,,,No,No-no laws or actions,,,,,,,,,,,,,Yes,Yes,Minimally,Minimally,Yes,216,216,,Yes,10,Yes,,Some elements incorporated into other packages,,Yes,Every 6 months,Yes,TRUE,FALSE,FALSE,FALSE,FALSE,FALSE,,No,No,,No,,,No,,,,,,,,,,,,,FALSE,TRUE,FALSE,TRUE,TRUE,FALSE,FALSE,Yes - Cash transfers,No,No,,,,,No,,,,,"Yes, monitored and recorded, but not reported",,,,,,,LS,-29.609987,28.233608
Liberia,WCARO,kfaigao@unicef.org,4017096,Liberia Institute of Statistics and Geo-Information Services,2015,80342,Liberia Institute of Statistics and Geo-Information Services,2015,213303,Liberia Institute of Statistics and Geo-Information Services,2015,389262,Liberia Institute of Statistics and Geo-Information Services,2015,88,427,369,7200,5169,Yes,Yes,Don't know,Yes,Government,No,Yes,SAM; Micronutrients Powders; IYCF,Yes,,Yes,TRUE,FALSE,FALSE,FALSE,FALSE,FALSE,FALSE,FALSE,No,Yes-voluntary agreement between Government and manufacturers,No,,,,,,,,,,,,Yes,Yes,No,No,Yes,,,570,Yes,21,Yes,1154,Some elements incorporated into other packages,,No,,No,,,,,,,3394,No,Yes,25-52 weeks,Yes,Yes,Yes,No,,,,,,,,,,,,,FALSE,FALSE,FALSE,FALSE,FALSE,FALSE,TRUE,Don't know,,Yes,No,No,No,No,No,,,,,No,,,,,Yes,Yes,LR,6.4280548,-9.4294987
Libya,MENA,,,,,,,,,,,,,,,,,,,,,,,,,,,,,,,,,,,,,,,,,,,,,,,,,,,,,,,,,,,,,,,,,,,,,,,,,,,,,,,,,,,,,,,,,,,,,,,,,,,,,,,,,,,,,,,,,,,,,,,,,LY,26.3351,17.228331
Macedonia (The former Yugoslav Republic of),CEECIS,Deactivated,,,,,,,,,,,,,,,,,,,,,,,,,,,,,,,,,,,,,,,,,,,,,,,,,,,,,,,,,,,,,,,,,,,,,,,,,,,,,,,,,,,,,,,,,,,,,,,,,,,,,,,,,,,,,,,,,,,,,,,,,41.608635,21.745275
Madagascar,ESARO,sgnegne@unicef.org; lprabarijaona@unicef.org,24808173,"MoH, weighted general census of population",2016,503507,"MoH, weighted general census of population",2016,,"MoH, weighted general census of population",2016,.,"MoH, weighted general census of population",2016,113,2685,2563,8339,34000,Yes,Yes,2017,Yes,Government,Yes,No,,Yes,,Yes,TRUE,FALSE,FALSE,FALSE,FALSE,FALSE,FALSE,FALSE,No,Yes-all provisions of Code and Resolutions included,No,,,,,,,,,,,,Yes,Yes,Minimally,Minimally,Yes,522,522,362,Yes,87,Yes,2526,Some elements incorporated into other packages,,No,,No,,,,,,,,No,No,,No,,,Yes,TRUE,TRUE,FALSE,FALSE,TRUE,TRUE,FALSE,FALSE,FALSE,FALSE,FALSE,FALSE,FALSE,FALSE,TRUE,TRUE,FALSE,FALSE,FALSE,Yes - Cash transfers,No,No,,,,,No,,,,,No,,,,,,,MG,-18.766947,46.869106
Malawi,ESARO,bkazembe@unicef.org,16832910,2008 Population& Housing Census projections for 2016,2016,335860,2008 Population& Housing Census projections for 2016,2016,978782,2008 Population& Housing Census projections for 2016,2016,1780051,2008 Population& Housing Census projections for 2016,2016,29,977,864,20131,10691,Yes,No,,Yes,Government,Yes,Yes,Vitamin A,Yes,,Yes,TRUE,FALSE,FALSE,FALSE,FALSE,TRUE,FALSE,FALSE,Yes,Yes-all provisions of Code and Resolutions included,Yes,TRUE,FALSE,FALSE,FALSE,Monitoring is a continuous activity,No,No,,,,,Yes,Yes,Minimally,Minimally,Yes,731,731,0,Yes,29,Yes,10691,"Entire UNICEF package adapted, 5-day training, plus supervision module",,Yes,Every 3 months,Yes,FALSE,FALSE,FALSE,TRUE,FALSE,FALSE,600000,No,Yes,5-24 weeks,Yes,No,Yes,Yes,TRUE,TRUE,FALSE,FALSE,TRUE,FALSE,FALSE,TRUE,TRUE,FALSE,FALSE,FALSE,FALSE,TRUE,TRUE,TRUE,TRUE,FALSE,FALSE,Yes - Cash transfers,Yes,Yes,"Yes, monitored and recorded, but not reported","Yes, monitored and recorded, but not reported","Yes, monitored, recorded and reported","Yes, monitored and recorded, but not reported",No,,,,,"Yes, monitored and recorded, but not reported",,,,,Yes,Yes,MW,-13.254308,34.301525
Malaysia,EAPRO,,,,,,,,,,,,,,,,,,,,,,,,,,,,,,,,,,,,,,,,,,,,,,,,,,,,,,,,,,,,,,,,,,,,,,,,,,,,,,,,,,,,,,,,,,,,,,,,,,,,,,,,,,,,,,,,,,,,,,,,,MY,4.210484,101.97577
Maldives,ROSA,asahmed@unicef.org,338434,Census (estimated from Census 2014),2014,2890,Census (estimated from Census 2014),2014,9801,Census,2014,28495,Census (estimated from Census 2014),2014,20AtollsandCapital(21,186,132,509,237,Yes,No,,No,,,No,,Yes,,No,,,,,,,,,Yes,Yes-partially – not all provisions of Code and Resolutions included,Yes,TRUE,TRUE,FALSE,FALSE,Monitoring is a continuous activity,No,Yes,FALSE,FALSE,TRUE,FALSE,Yes,Yes,No,"Yes, comprehensively",Yes,186,186,23,Yes,190,Yes,23,"Entire UNICEF package adapted, 5-day training, without supervision module",,No,,No,,,,,,,,No,Yes,5-24 weeks,Yes,Yes,Yes,No,,,,,,,,,,,,,FALSE,FALSE,FALSE,FALSE,FALSE,FALSE,TRUE,No,,No,,,,,No,,,,,No,,,,,Yes,Yes,MV,3.2027781,73.22068
Mali,WCARO,ddidio@unicef.org; fbellingeri@unicef.org,18341000,Mali census 2009 with yearly increment factor,2016,328304,Mali census 2009 with yearly increment factor,2016,1658026,Mali census 2009 with yearly increment factor,2016,2567740,Mali census 2009 with yearly increment factor,2016,65,1379,,7052,.,Yes,Yes,2016,Yes,Government,Yes,Yes,SAM; Vitamin A; Micronutrients Powders; Salt Iodization; IYCF; Other,Yes,,Yes,TRUE,TRUE,TRUE,FALSE,FALSE,TRUE,TRUE,TRUE,Yes,No-but law/agreement is drafted/in progress,,,,,,,,,,,,,Yes,Yes,No,"Yes, comprehensively",Yes,706,706,1416,Yes,22,Yes,117,"Entire UNICEF package adapted, 5-day training, plus supervision module",,Yes,Other,Yes,TRUE,FALSE,TRUE,TRUE,FALSE,TRUE,147382,Yes,Yes,1-4 weeks,Yes,No,Yes,Yes,TRUE,FALSE,FALSE,FALSE,FALSE,FALSE,FALSE,FALSE,FALSE,FALSE,FALSE,FALSE,TRUE,TRUE,TRUE,TRUE,TRUE,FALSE,FALSE,Yes - Cash transfers,Yes,Yes,No,"Yes, monitored and recorded, but not reported",No,No,No,,,,,No,,,,,Yes,Yes,ML,17.570692,-3.996166
Mauritania,WCARO,ezanou@unicef.org,3537368,Extrapolation from RGPH 2013,2013 ,87373,Estimation standard from MoH 2.47%,2015,169243,"Estimation from MoH 4,53% of total pop",2015,.,Estimation MoH,2015,54,729,708,.,2275,Yes,Yes,2016,Yes,Government,No,Yes,SAM,Yes,,Yes,TRUE,FALSE,FALSE,FALSE,FALSE,TRUE,FALSE,FALSE,No,No-but law/agreement is drafted/in progress,,,,,,,,,,,,,Yes,No,Minimally,"Yes, comprehensively",Yes,,,0,Yes,,Yes,483,Some elements incorporated into other packages,,No,,No,,,,,,,,No,Yes,1-4 weeks,Yes,Yes,Yes,Yes,FALSE,TRUE,TRUE,FALSE,TRUE,FALSE,FALSE,FALSE,FALSE,FALSE,FALSE,FALSE,FALSE,FALSE,TRUE,TRUE,TRUE,FALSE,FALSE,Yes - Cash transfers,Yes,No,,,,,No,,,,,No,,,,,Yes,No,MR,21.007891,-10.940835
Mexico,LACRO,,,,,,,,,,,,,,,,,,,,,,,,,,,Yes,,Yes,TRUE,FALSE,FALSE,FALSE,TRUE,TRUE,TRUE,FALSE,Yes,Yes-voluntary agreement between Government and manufacturers,Yes,TRUE,FALSE,FALSE,FALSE,More than one monitoring activity,Yes,Yes,FALSE,FALSE,TRUE,FALSE,No,No,Minimally,Minimally,Yes,19844,19844,,Yes,32,Yes,,Package not used,Guia de Práctica Clinica para el control y seguimiento de la nutrición y el crecimiento y desarrollo de niños menores de 5 años.,Yes,Every 3 months,Yes,TRUE,TRUE,TRUE,TRUE,TRUE,FALSE,,Yes,Yes,1-4 weeks,Yes,No,Yes,Don't know,,,,,,,,,,,,,FALSE,TRUE,TRUE,TRUE,TRUE,FALSE,FALSE,Yes - Cash transfers,Yes,Don't know,,,,,Yes,"Yes, monitored, recorded and reported","Yes, monitored, recorded and reported","Yes, monitored, recorded and reported",Not monitored or reported,"Yes, monitored, recorded and reported",,,,,Yes,No,MX,23.634501,-102.55279
Moldova,CEECIS,acapcelea@unicef.org,3553056,National Bureau of Statistics,2016,18972,National Bureau of Statistics,2016,57324,National Bureau of Statistics,2016,153941,National Bureau of Statistics,2016,37,427,259,37614,.,No,Yes,2016,No,,,No,,No,IYCF elements are integrated within health & nutrition policy or strategy,No,,,,,,,,,Yes,Yes-partially – not all provisions of Code and Resolutions included,No,,,,,,,,,,,,No,Yes,Minimally,Minimally,Yes,259,,,No,,No,,,,Yes,Once per year,No,,,,,,,,No,Yes,1-4 weeks,No,,,No,,,,,,,,,,,,,FALSE,TRUE,FALSE,FALSE,TRUE,FALSE,FALSE,Yes - Cash transfers,No,Yes,"Yes, monitored and recorded, but not reported","Yes, monitored, recorded and reported","Yes, monitored and recorded, but not reported","Yes, monitored and recorded, but not reported",Yes,"Yes, monitored and recorded, but not reported","Yes, monitored and recorded, but not reported","Yes, monitored and recorded, but not reported",Monitored,"Yes, monitored, recorded and reported",100,0,100,0,Yes,No,MD,47.411633,28.369884
Mongolia,EAPRO,mluvsanjamba@unicef.org,3057778,"Mongolian Statistics 2015, NSO",2015,386866,"Mongolian statistics 2015, NSO",2015,121473,"Mongolian statistics 2015, NSO",2015,225558,"Mongolian statistics 2015, NSO",2015,30,3244,529,47429,.,Yes,Yes,2017,Yes,Government,Yes,No,,Yes,,Yes,TRUE,FALSE,FALSE,FALSE,FALSE,TRUE,TRUE,FALSE,Yes,Yes-partially – not all provisions of Code and Resolutions included,Yes,TRUE,FALSE,FALSE,FALSE,One monitoring activity,Yes,Yes,FALSE,FALSE,TRUE,FALSE,Yes,Yes,Minimally,Minimally,Yes,,,,Yes,16,Yes,,"Entire UNICEF package adapted, 5-day training, plus supervision module",,Yes,Every 6 months,No,,,,,,,,Yes,Yes,1-4 weeks,No,,,Yes,TRUE,FALSE,FALSE,FALSE,TRUE,FALSE,FALSE,FALSE,FALSE,FALSE,FALSE,FALSE,FALSE,TRUE,FALSE,FALSE,FALSE,FALSE,FALSE,No,,No,,,,,No,,,,,Don't know,,,,,Yes,Yes,MN,46.862495,103.84666
Montenegro,CEECIS,,,,,,,,,,,,,,,,,,,,,,,,,,,,,,,,,,,,,,,,,,,,,,,,,,,,,,,,,,,,,,,,,,,,,,,,,,,,,,,,,,,,,,,,,,,,,,,,,,,,,,,,,,,,,,,,,,,,,,,,,ME,42.708679,19.37439
Montserrat,LACRO,,,,,,,,,,,,,,,,,,,,,,,,,,,,,,,,,,,,,,,,,,,,,,,,,,,,,,,,,,,,,,,,,,,,,,,,,,,,,,,,,,,,,,,,,,,,,,,,,,,,,,,,,,,,,,,,,,,,,,,,,MS,16.742498,-62.187366
Morocco,MENA,mboussefiane@unicef.org,3094000,"SANTE EN CHIFFRE 2014, edition 2015, MOH",2014,664000,"SANTE EN CHIFFRE 2014, edition 2015, MOH",2014,,Unavailable,Unavailable,.,Unavailable,Unavailable,1503,2902,2759,46648,.,Yes,No,2016,Yes,Government,Yes,Yes,Vitamin A; Salt Iodization; IYCF; Other,Yes,,No,,,,,,,,,Yes,No-but law/agreement is drafted/in progress,,,,,,,,,,,,,No,Yes,Minimally,Minimally,Yes,,,300,No,,No,,,,Yes,Once per year,No,,,,,,,,No,Yes,1-4 weeks,Yes,Yes,Yes,No,,,,,,,,,,,,,FALSE,TRUE,TRUE,FALSE,FALSE,FALSE,FALSE,No,,No,,,,,No,,,,,No,,,,,Yes,Yes,MA,31.791702,-7.0926199
Mozambique,ESARO,sonkhan@unicef.org,,,,,,,,,,,,,,,,,,,,,,,,,,,,,,,,,,,,,,,,,,,,,,,,,,,,,,,,,,,,,,,,,,,,,,,,,,,,,,,,,,,,,,,,,,,,,,,,,,,,,,,,,,,,,,,,,,,,,,,,MZ,-18.665695,35.529564
Myanmar,EAPRO,mmlwin@unicef.org,50279900,Population Census,2014,4472130,Population Census,2014,21241014,Population Census,2014,1919427,Population Census,2014,75,11325,10296,93688,22956,Yes,Yes,2017,Yes,Government,Yes,Yes,SAM; Micronutrients Powders; IYCF,Yes,,Yes,TRUE,FALSE,FALSE,FALSE,FALSE,TRUE,TRUE,FALSE,No,Yes-partially – not all provisions of Code and Resolutions included,Yes,TRUE,TRUE,FALSE,FALSE,More than one monitoring activity,Yes,Yes,FALSE,FALSE,TRUE,FALSE,Yes,Yes,Minimally,Minimally,Yes,10942,10942,131,Yes,14,No,,,,No,,No,,,,,,,22634,No,Yes,5-24 weeks,No,,,Yes,TRUE,TRUE,TRUE,FALSE,TRUE,TRUE,TRUE,FALSE,TRUE,FALSE,FALSE,TRUE,FALSE,TRUE,TRUE,TRUE,TRUE,FALSE,FALSE,Yes - Cash transfers,No,Yes,No,"Yes, monitored, recorded and reported",No,No,No,,,,,"Yes, monitored and recorded, but not reported",,,,,Yes,Yes,,21.913965,95.956223
Namibia,ESARO,gwaliomuzibu@unicef.org,2369083,Namibia Population and Housing Census ,2011,30798,Namibia Population and Housing Census,2011,92394,Namibia Population and Housing Census,2011,184789,Namibia Population and Housing  Census,2011,34,446,376,6000,1366,Yes,Yes,2016,Yes,Government,Yes,No,,Yes,,Yes,FALSE,FALSE,FALSE,FALSE,FALSE,FALSE,TRUE,FALSE,Yes,Yes-partially – not all provisions of Code and Resolutions included,No,,,,,,,,,,,,Yes,Yes,Minimally,Minimally,Yes,330,330,0,Yes,30,No,,,,Yes,Every 3 months,Yes,TRUE,TRUE,FALSE,FALSE,TRUE,FALSE,,Yes,No,,No,,,Yes,TRUE,TRUE,FALSE,FALSE,FALSE,FALSE,FALSE,FALSE,FALSE,FALSE,FALSE,FALSE,FALSE,TRUE,TRUE,TRUE,FALSE,FALSE,FALSE,Yes - Cash transfers,Yes,Yes,No,"Yes, monitored, recorded and reported","Yes, monitored and recorded, but not reported","Yes, monitored and recorded, but not reported",No,,,,,"Yes, monitored and recorded, but not reported",,,,,Yes,Yes,NA,-22.95764,18.49041
Nauru,EAPRO,,,,,,,,,,,,,,,,,,,,,,,,,,,,,,,,,,,,,,,,,,,,,,,,,,,,,,,,,,,,,,,,,,,,,,,,,,,,,,,,,,,,,,,,,,,,,,,,,,,,,,,,,,,,,,,,,,,,,,,,,NR,-.52277797,166.9315
Nepal,ROSA,sdahit@unicef.org,28624299,Health Management Information System,2015,2959177,Health Management Information System,2015,946541,Health Management Information System,2015,1682318,Health Management Information System,2015,75,4275,202,17100,16500,Yes,No,,Yes,Government,Don’t know,No,,Yes,,No,,,,,,,,,Yes,Yes-voluntary agreement between Government and manufacturers,Yes,TRUE,FALSE,FALSE,FALSE,Monitoring is a continuous activity,Yes,Don't know,,,,,Yes,Yes,Minimally,Minimally,Yes,202,202,2500,Yes,75,Yes,3500,Some elements incorporated into other packages,,Yes,Each month,Yes,TRUE,TRUE,TRUE,TRUE,TRUE,FALSE,200000,No,Yes,1-4 weeks,Yes,Yes,Yes,Yes,TRUE,TRUE,TRUE,FALSE,TRUE,FALSE,TRUE,FALSE,TRUE,FALSE,FALSE,FALSE,FALSE,TRUE,FALSE,FALSE,FALSE,FALSE,FALSE,Yes - Cash transfers,Yes,Yes,"Yes, monitored and recorded, but not reported","Yes, monitored, recorded and reported","Yes, monitored and recorded, but not reported","Yes, monitored and recorded, but not reported",Yes,"Yes, monitored and recorded, but not reported","Yes, monitored, recorded and reported","Yes, monitored and recorded, but not reported",Monitored,No,,,,,Yes,Yes,NP,28.394857,84.124008
Nicaragua,LACRO,mdespinoza@unicef.org,6327924,National Office of Statistic. MoH,2016,67117,National Office of Statistic. MoH,2016,203571,National Office of Statistic. MoH,2016,413976,National Office of Statistic. MoH,2016,153,1382,1349,33000,47989,Yes,Yes,2017,Yes,Government,Yes,Yes,Vitamin A; Micronutrients Powders; Salt Iodization; IYCF,Yes,,Yes,TRUE,FALSE,FALSE,FALSE,FALSE,TRUE,FALSE,FALSE,Yes,Yes-all provisions of Code and Resolutions included,Yes,TRUE,FALSE,FALSE,FALSE,No monitoring was done last year,Yes,No,,,,,Yes,Yes,"Yes, comprehensively","Yes, comprehensively",Yes,1349,196,2000,Yes,153,Yes,3128,"UNICEF package used, but only 2-3 day training; plus supervision module",,Yes,Every 6 months,Yes,FALSE,FALSE,TRUE,FALSE,TRUE,FALSE,,No,No,,No,,,Yes,TRUE,TRUE,TRUE,FALSE,TRUE,TRUE,FALSE,FALSE,FALSE,FALSE,FALSE,FALSE,FALSE,FALSE,TRUE,FALSE,TRUE,FALSE,FALSE,Other,,Yes,"Yes, monitored and recorded, but not reported","Yes, monitored and recorded, but not reported","Yes, monitored and recorded, but not reported","Yes, monitored and recorded, but not reported",Yes,"Yes, monitored and recorded, but not reported","Yes, monitored and recorded, but not reported","Yes, monitored and recorded, but not reported",Monitored,"Yes, monitored and recorded, but not reported",113,0,113,0,Yes,Yes,NI,12.865416,-85.20723
Niger,WCARO,mamadiallo@unicef.org; andiaye@unicef.org,19865067,"INS, Institute National of Statistic",2016,417167,"INS, Institute National of Statistic",2016,1390555,"INS, Institute National of Statistic",2016,2363943,"INS, Institute National of Statistic",2016,44,1400,970,.,.,Yes,No,,Yes,UNICEF,Yes,Yes,SAM,Yes,,Yes,TRUE,FALSE,FALSE,FALSE,FALSE,FALSE,FALSE,FALSE,No,Yes-partially – not all provisions of Code and Resolutions included,No,,,,,,,,,,,,Yes,Yes,Minimally,Minimally,Yes,2342,2342,1441,Yes,17,Yes,6012,"Entire UNICEF package adapted, 5-day training, plus supervision module",,Yes,Every 3 months,No,,,,,,,327593,No,Yes,25-52 weeks,No,,,Yes,TRUE,TRUE,TRUE,FALSE,FALSE,FALSE,FALSE,FALSE,FALSE,FALSE,FALSE,FALSE,FALSE,FALSE,FALSE,FALSE,FALSE,FALSE,TRUE,Yes - Food vouchers/food stamps,No,Yes,"Yes, monitored and recorded, but not reported","Yes, monitored and recorded, but not reported","Yes, monitored and recorded, but not reported","Yes, monitored and recorded, but not reported",Yes,"Yes, monitored and recorded, but not reported","Yes, monitored and recorded, but not reported","Yes, monitored and recorded, but not reported",Both monitored and reported,"Yes, monitored and recorded, but not reported",,,,,Yes,Yes,NE,17.607788,8.081666
Nigeria,WCARO,ckaligirwa@unicef.org,185847096,Projected Population from 2006 census,2015,3716942,Projected Population from 2006 census,2015,11150826,Projected Population from 2006 census,2015,22301651,Projected Population from 2006 census,2015,774,34173,30098,351326,19268,Yes,No,,Yes,Government,No,No,,Yes,,No,,,,,,,,,No,Yes-partially – not all provisions of Code and Resolutions included,Yes,TRUE,FALSE,FALSE,FALSE,No monitoring was done last year,No,Yes,FALSE,FALSE,TRUE,FALSE,Yes,Yes,Minimally,No,No,,,1063,Yes,65,Yes,2755,"Entire UNICEF package adapted, 5-day training, plus supervision module",,No,,Yes,TRUE,TRUE,FALSE,FALSE,FALSE,FALSE,601939,Yes,No,,No,,,Yes,TRUE,FALSE,TRUE,FALSE,FALSE,FALSE,FALSE,FALSE,FALSE,FALSE,FALSE,FALSE,FALSE,TRUE,FALSE,FALSE,FALSE,FALSE,FALSE,No,,No,,,,,Yes,"Yes, monitored and recorded, but not reported",No,"Yes, monitored, recorded and reported",Both monitored and reported,No,,,,,No,No,NG,9.0819988,8.6752768
Niue,EAPRO,,,,,,,,,,,,,,,,,,,,,,,,,,,,,,,,,,,,,,,,,,,,,,,,,,,,,,,,,,,,,,,,,,,,,,,,,,,,,,,,,,,,,,,,,,,,,,,,,,,,,,,,,,,,,,,,,,,,,,,,,NU,-19.054445,-169.86723
Occupied Palestinian Territory,MENA,,,,,,,,,,,,,,,,,,,,,,,,,,,Yes,,Yes,TRUE,FALSE,FALSE,FALSE,TRUE,TRUE,FALSE,FALSE,Yes,Yes-all provisions of Code and Resolutions included,Yes,TRUE,TRUE,FALSE,FALSE,Monitoring is a continuous activity,Yes,Yes,FALSE,FALSE,FALSE,FALSE,Yes,Yes,"Yes, comprehensively","Yes, comprehensively",Yes,468,468,122,Yes,16,Yes,122,"UNICEF package used, but only 2-3 day training; plus supervision module",,Yes,Every 3 months,No,,,,,,,48000,No,No,1-4 weeks,Yes,Yes,Yes,Yes,TRUE,TRUE,TRUE,FALSE,FALSE,FALSE,FALSE,TRUE,TRUE,FALSE,FALSE,TRUE,FALSE,FALSE,TRUE,FALSE,FALSE,FALSE,FALSE,No,,No,,,,,No,,,,,No,,,,,Yes,No,,31.952162,35.233154
Oman,MENA,,,,,,,,,,,,,,,,,,,,,,,,,,,,,,,,,,,,,,,,,,,,,,,,,,,,,,,,,,,,,,,,,,,,,,,,,,,,,,,,,,,,,,,,,,,,,,,,,,,,,,,,,,,,,,,,,,,,,,,,,OM,21.512583,55.923256
Pakistan,ROSA,ukhan@unicef.org,189900000,national census estimate ,2015,.,Unavailable,Unavailable,,Unavailable,Unavailable,.,Unavailable,Unavailable,156,.,,.,.,Yes,Yes,2016,Yes,Government,No,Yes,SAM,Yes,,Yes,TRUE,FALSE,FALSE,FALSE,FALSE,FALSE,FALSE,FALSE,No,Yes-all provisions of Code and Resolutions included,Yes,FALSE,TRUE,FALSE,FALSE,Monitoring is a continuous activity,Yes,Yes,FALSE,TRUE,FALSE,FALSE,Yes,Yes,Minimally,Minimally,Yes,440,440,2515,Yes,41,Yes,37645,"Entire UNICEF package adapted, 5-day training, plus supervision module",,Yes,Each month,Yes,FALSE,FALSE,FALSE,FALSE,FALSE,TRUE,1213178,No,Yes,1-4 weeks,Yes,Yes,No,Yes,TRUE,TRUE,TRUE,FALSE,FALSE,FALSE,FALSE,TRUE,TRUE,FALSE,FALSE,TRUE,FALSE,TRUE,TRUE,TRUE,TRUE,FALSE,FALSE,Other,,No,,,,,Yes,Don't know,"Yes, monitored, recorded and reported","Yes, monitored, recorded and reported",Both monitored and reported,No,,,,,Yes,Yes,PK,30.37532,69.345116
Palau,EAPRO,,,,,,,,,,,,,,,,,,,,,,,,,,,,,,,,,,,,,,,,,,,,,,,,,,,,,,,,,,,,,,,,,,,,,,,,,,,,,,,,,,,,,,,,,,,,,,,,,,,,,,,,,,,,,,,,,,,,,,,,,PW,7.5149798,134.58252
Panama,LACRO,,,,,,,,,,,,,,,,,,,,,,,,,,,,,,,,,,,,,,,,,,,,,,,,,,,,,,,,,,,,,,,,,,,,,,,,,,,,,,,,,,,,,,,,,,,,,,,,,,,,,,,,,,,,,,,,,,,,,,,,,PA,8.537981,-80.782127
Papua New Guinea,EAPRO,hnamusoke@unicef.org,7275324,http://www.nso.gov.pg/index.php/population-and-social/other-indicators,2011,982200,http://www.unicef.org/infobycountry/papuang_statistics.html,2012,,Unavailable,Unavailable,.,Unavailable,Unavailable,89,2608,639,3779,.,Yes,No,,Yes,Government,Yes,Yes,SAM,Yes,,Yes,TRUE,FALSE,FALSE,FALSE,TRUE,FALSE,FALSE,FALSE,No,No-but law/agreement is drafted/in progress,,,,,,,,,,,,,Yes,Yes,Minimally,Minimally,No,,,0,No,,No,,,,No,,No,,,,,,,0,No,No,,No,,,Don't know,,,,,,,,,,,,,FALSE,TRUE,TRUE,TRUE,TRUE,FALSE,FALSE,Don't know,,No,,,,,No,,,,,No,,,,,,,PG,-6.3149929,143.95555
Paraguay,LACRO,,,,,,,,,,,,,,,,,,,,,,,,,,,,,,,,,,,,,,,,,,,,,,,,,,,,,,,,,,,,,,,,,,,,,,,,,,,,,,,,,,,,,,,,,,,,,,,,,,,,,,,,,,,,,,,,,,,,,,,,,PY,-23.442503,-58.443832
Peru,LACRO,,,,,,,,,,,,,,,,,,,,,,,,,,,Yes,,No,,,,,,,,,Yes,No-no laws or actions,,,,,,,,,,,,,No,No,Minimally,Minimally,Yes,13,,,No,,Yes,370,Some elements incorporated into other packages,,No,,Don't know,,,,,,,75000,No,Yes,1-4 weeks,Yes,Yes,Yes,Yes,FALSE,FALSE,FALSE,TRUE,TRUE,TRUE,FALSE,TRUE,TRUE,FALSE,FALSE,TRUE,FALSE,FALSE,FALSE,FALSE,FALSE,FALSE,TRUE,Yes - Cash transfers,No,No,,,,,No,,,,,No,,,,,Yes,No,PE,-9.1899672,-75.015152
Philippines,EAPRO,mmarzan@unicef.org,101771950,"Philippine Statistics Authority, Department of Health Projection",2015,1373921,"Philippine Statistics Authority, Department of Health Projection",2015,4121764,"Philippine Statistics Authority, Department of Health Projection",2015,8162110,"Philippine Statistics Authority, Department of Health Projection",2015,81,25344,22590,40655,258971,Yes,Yes,2016,Yes,Government,Yes,Yes,SAM; Vitamin A; Micronutrients Powders; Salt Iodization; IYCF,Yes,,Yes,TRUE,FALSE,FALSE,FALSE,FALSE,TRUE,FALSE,FALSE,Yes,Yes-all provisions of Code and Resolutions included,Yes,TRUE,TRUE,FALSE,FALSE,Monitoring is a continuous activity,Yes,Don't know,,,,,Yes,No,Minimally,Minimally,Yes,22590,22590,,Yes,81,Yes,8952,"UNICEF package used, but only 2-3 day training; plus supervision module",,Yes,Unsure of frequency,Yes,FALSE,FALSE,FALSE,FALSE,TRUE,FALSE,51488,No,Yes,1-4 weeks,Yes,Yes,Yes,Yes,TRUE,TRUE,TRUE,TRUE,TRUE,TRUE,TRUE,TRUE,TRUE,FALSE,FALSE,TRUE,FALSE,FALSE,FALSE,FALSE,TRUE,FALSE,FALSE,Yes - Cash transfers,Yes,Yes,"Yes, monitored, recorded and reported","Yes, monitored, recorded and reported","Yes, monitored, recorded and reported","Yes, monitored, recorded and reported",Yes,"Yes, monitored, recorded and reported","Yes, monitored, recorded and reported","Yes, monitored, recorded and reported",Both monitored and reported,No,,,,,Yes,Yes,PH,12.879721,121.77402
Qatar,MENA,,,,,,,,,,,,,,,,,,,,,,,,,,,,,,,,,,,,,,,,,,,,,,,,,,,,,,,,,,,,,,,,,,,,,,,,,,,,,,,,,,,,,,,,,,,,,,,,,,,,,,,,,,,,,,,,,,,,,,,,,QA,25.354826,51.183884
Republic of the Marshall Islands,EAPRO,,,,,,,,,,,,,,,,,,,,,,,,,,,,,,,,,,,,,,,,,,,,,,,,,,,,,,,,,,,,,,,,,,,,,,,,,,,,,,,,,,,,,,,,,,,,,,,,,,,,,,,,,,,,,,,,,,,,,,,,,,7.131474,171.18448
Romania,CEECIS,,,,,,,,,,,,,,,,,,,,,,,,,,,,,,,,,,,,,,,,,,,,,,,,,,,,,,,,,,,,,,,,,,,,,,,,,,,,,,,,,,,,,,,,,,,,,,,,,,,,,,,,,,,,,,,,,,,,,,,,,RO,45.943161,24.966761
Russian Federation,CEECIS,,,,,,,,,,,,,,,,,,,,,,,,,,,,,,,,,,,,,,,,,,,,,,,,,,,,,,,,,,,,,,,,,,,,,,,,,,,,,,,,,,,,,,,,,,,,,,,,,,,,,,,,,,,,,,,,,,,,,,,,,,61.52401,105.31876
Rwanda,ESARO,ykoita@unicef.org,11535291,MoH/RBC/MCCH/EPI estimates,2015,152266,MoH/RBC/MCCH/EPI estimates,2015,499478,MoH/RBC/MCCH/EPI estimates,2015,1010491,MoH/RBC/MCCH/EPI estimates,2015,30,1036,994,17821,44433,Yes,Yes,Don't know,Yes,Government,Yes,Yes,SAM; Vitamin A; Micronutrients Powders; Salt Iodization; IYCF,No,IYCF elements are integrated within the nutrition policy or strategy,Yes,TRUE,FALSE,FALSE,FALSE,TRUE,TRUE,FALSE,FALSE,Don't know,No-but law/agreement is drafted/in progress,,,,,,,,,,,,,Yes,Yes,"Yes, comprehensively","Yes, comprehensively",Yes,994,994,,Yes,30,Yes,,"Entire UNICEF package adapted, 5-day training, plus supervision module",,Yes,Every 3 months,Yes,TRUE,TRUE,TRUE,TRUE,TRUE,FALSE,,No,Yes,25-52 weeks,Yes,No,Yes,Yes,TRUE,TRUE,TRUE,FALSE,TRUE,TRUE,FALSE,FALSE,FALSE,FALSE,FALSE,TRUE,TRUE,TRUE,TRUE,TRUE,TRUE,FALSE,FALSE,Other,,Yes,"Yes, monitored, recorded and reported","Yes, monitored, recorded and reported","Yes, monitored, recorded and reported","Yes, monitored, recorded and reported",Yes,"Yes, monitored, recorded and reported","Yes, monitored, recorded and reported","Yes, monitored, recorded and reported",Both monitored and reported,Don't know,,,,,Yes,No,RW,-1.9402781,29.873888
Samoa,EAPRO,,,,,,,,,,,,,,,,,,,,,,,,,,,,,,,,,,,,,,,,,,,,,,,,,,,,,,,,,,,,,,,,,,,,,,,,,,,,,,,,,,,,,,,,,,,,,,,,,,,,,,,,,,,,,,,,,,,,,,,,,WS,-13.759029,-172.10463
Sao Tome and Principe,WCARO,lbonfim@unicef.org,178739,National Census ,2012,.,Unavailable,Unavailable,2753,EPI - Ministry of Health,2015,9898,EPI - Ministry of Health,2015,7,38,37,1063,150,Yes,No,,Yes,Government,Yes,Yes,Vitamin A; Micronutrients Powders,No,IYCF elements are integrated within the nutrition policy or strategy,No,,,,,,,,,No,No-but law/agreement is drafted/in progress,,,,,,,,,,,,,No,Yes,No,Minimally,Yes,37,,,No,,No,,,,No,,No,,,,,,,,No,Yes,5-24 weeks,No,,,No,,,,,,,,,,,,,FALSE,TRUE,TRUE,FALSE,FALSE,FALSE,FALSE,Yes - Cash transfers,No,No,,,,,No,,,,,Don't know,,,,,Yes,Yes,,.18636,6.613081
Saudi Arabia,MENA,,,,,,,,,,,,,,,,,,,,,,,,,,,,,,,,,,,,,,,,,,,,,,,,,,,,,,,,,,,,,,,,,,,,,,,,,,,,,,,,,,,,,,,,,,,,,,,,,,,,,,,,,,,,,,,,,,,,,,,,,SA,23.885942,45.079163
Senegal,WCARO,adioum@unicef.org,14799879,census 2013  projection ,2016,2788297,governement/MOH,2016,960512,Governement/MOH,2016,155997,Government/MOH,2016,76,1422,1243,16678,15000,Yes,No,,Yes,Government,Yes,Yes,Vitamin A; Salt Iodization,Yes,,Yes,TRUE,FALSE,FALSE,FALSE,FALSE,TRUE,FALSE,FALSE,Yes,Yes-partially – not all provisions of Code and Resolutions included,Yes,TRUE,FALSE,FALSE,FALSE,Monitoring is a continuous activity,No,Yes,TRUE,FALSE,FALSE,FALSE,Yes,Yes,No,Minimally,Yes,1000,1000,400,Yes,71,Yes,1600,"Entire UNICEF package adapted, 5-day training, plus supervision module",,Yes,Each month,Yes,FALSE,FALSE,FALSE,FALSE,FALSE,TRUE,300000,Yes,Yes,1-4 weeks,Yes,Yes,Yes,Yes,FALSE,TRUE,FALSE,FALSE,FALSE,FALSE,FALSE,FALSE,FALSE,FALSE,FALSE,FALSE,FALSE,TRUE,TRUE,FALSE,TRUE,FALSE,FALSE,Yes - Food vouchers/food stamps,No,Yes,No,No,"Yes, monitored, recorded and reported","Yes, monitored, recorded and reported",Yes,"Yes, monitored, recorded and reported","Yes, monitored, recorded and reported","Yes, monitored, recorded and reported",Both monitored and reported,No,,,,,Yes,Yes,SN,14.497401,-14.452362
Serbia,CEECIS,jzajeganovic@unicef.org,7095383,Statistical Office of the Republic of Serbia,2015,32845,"Estimates based on the population 0-1y, Statitistical Office of the Republic of Serbia",2015,98665,"Estimates based on the population 0-4y, Statitistical Office of the Republic of Serbia",2015,197466,"Estimates based on the population 0-4y, Statitistical Office of the Republic of Serbia",2015,23,355,158,61926,.,Yes,Yes,2017,No,,,Yes,IYCF,No,IYCF elements are integrated within the health policy or strategy,No,,,,,,,,,No,Yes-partially – not all provisions of Code and Resolutions included,No,,,,,,,,,,,,No,Yes,Minimally,Minimally,Yes,158,,,Yes,23,Don't know,,,,No,,No,,,,,,,,No,Yes,1-4 weeks,No,,,Yes,TRUE,TRUE,FALSE,TRUE,TRUE,TRUE,FALSE,TRUE,FALSE,FALSE,FALSE,TRUE,FALSE,FALSE,FALSE,FALSE,FALSE,FALSE,TRUE,Yes - Cash transfers,No,No,,,,,No,,,,,No,,,,,Yes,Yes,RS,44.016521,21.005859
Sierra Leone,WCARO,mcowan@unicef.org,6472369,Government Administrative population projecti,2004,156634,Government Administrative population projecti,2013,420607,Government Administrative population projecti,2013,786942,Government Administrative population projecti,2013,13,1200,1200,2900,15000,Yes,Yes,2017,Yes,Government,Yes,Yes,SAM; IYCF,Yes,,No,,,,,,,,,No,No-but law/agreement is drafted/in progress,,,,,,,,,,,,,Yes,Yes,Minimally,Minimally,Yes,609,865,0,Yes,13,Yes,9123,"Entire UNICEF package adapted, 5-day training, plus supervision module",,Yes,Every 3 months,No,,,,,,,24879,No,Yes,1-4 weeks,No,,,Yes,TRUE,TRUE,TRUE,FALSE,FALSE,FALSE,FALSE,TRUE,FALSE,FALSE,FALSE,FALSE,FALSE,TRUE,FALSE,FALSE,FALSE,FALSE,FALSE,No,,No,,,,,Yes,"Yes, monitored and recorded, but not reported","Yes, monitored, recorded and reported","Yes, monitored, recorded and reported",Both monitored and reported,No,,,,,Yes,No,SL,8.4605551,-11.779889
Solomon Islands,EAPRO,,,,,,,,,,,,,,,,,,,,,,,,,,,No,IYCF elements are integrated within health & nutrition policy or strategy,No,,,,,,,,,Yes,Yes-partially – not all provisions of Code and Resolutions included,Yes,TRUE,FALSE,FALSE,FALSE,No monitoring was done last year,No,No,,,,,No,Yes,Minimally,"Yes, comprehensively",Yes,289,289,,No,,No,,,,Yes,Once per year,Yes,FALSE,FALSE,TRUE,TRUE,FALSE,FALSE,,No,Yes,1-4 weeks,No,,,No,,,,,,,,,,,,,FALSE,TRUE,TRUE,FALSE,FALSE,FALSE,FALSE,No,,No,,,,,No,,,,,No,,,,,Yes,Yes,SB,-9.64571,160.15619
Somalia,ESARO,ffsesay@unicef.org,12747985,UN Population Division estimates for Somalia 2015,2015,254959.71,UN Population Division,2015,892358.97,UN Population division,2015,1529758.23,UN population Division,2015,105,969,852,9000,2000,Yes,Yes,2017,Yes,UNICEF,Yes,Yes,SAM,Yes,,Yes,TRUE,FALSE,FALSE,FALSE,FALSE,TRUE,FALSE,FALSE,No,No-but law/agreement is drafted/in progress,,,,,,,,,,,,,Yes,Yes,Minimally,Minimally,Yes,,,,Yes,78,No,,,,Yes,Unsure of frequency,No,,,,,,,250000,Yes,Yes,25-52 weeks,No,,,Yes,TRUE,TRUE,TRUE,FALSE,TRUE,FALSE,FALSE,FALSE,FALSE,FALSE,FALSE,TRUE,FALSE,FALSE,FALSE,TRUE,FALSE,FALSE,FALSE,No,,Yes,No,"Yes, monitored, recorded and reported","Yes, monitored and recorded, but not reported","Yes, monitored and recorded, but not reported",Yes,No,"Yes, monitored and recorded, but not reported","Yes, monitored, recorded and reported",Both monitored and reported,No,,,,,Yes,Yes,SO,5.1521492,46.199615
South Africa,ESARO,,,,,,,,,,,,,,,,,,,,,,,,,,,,,,,,,,,,,,,,,,,,,,,,,,,,,,,,,,,,,,,,,,,,,,,,,,,,,,,,,,,,,,,,,,,,,,,,,,,,,,,,,,,,,,,,,,,,,,,,,ZA,-30.559483,22.937506
"South Sudan, Republic of",ESARO,ealden@unicef.org; kabebe@unicef.org,11976876,National Bureau of statistics - NBS,2016,2515144,National bureau of statistics (21%),2016,718613,same source of total population (6% of total population),2016,1796531,same source of total population (15% of total Population),2016,79,.,,.,.,Yes,Yes,Don't know,Yes,Government,No,No,,No,IYCF elements are integrated within the health policy or strategy,No,,,,,,,,,Don't know,No-no laws or actions,,,,,,,,,,,,,Yes,No,No,No,Yes,,,,Yes,,Yes,,"Entire UNICEF package adapted, 5-day training, plus supervision module",,No,,No,,,,,,,645471,No,No,,No,,,Yes,TRUE,TRUE,TRUE,FALSE,FALSE,FALSE,FALSE,FALSE,FALSE,FALSE,FALSE,FALSE,FALSE,FALSE,FALSE,FALSE,FALSE,FALSE,TRUE,No,,No,,,,,No,,,,,No,,,,,Yes,Yes,,12.862807,30.217636
Sri Lanka,ROSA,gjayakody@unicef.org,20675000,"Statistical Pocket Book 2015, Dept. of Census & Statistics",2014,174857,"Calculated as 50% of total birts in 2014 (Statistical Pocket Book 2015, Dept. of Census & Statistics)",2014,540649,"Calculated from information availble in Statistical Pocket Book 2015, Dept. of Census & Statistics ",2014,1054196,"Calculated from information available iStatistical Pocket Book 2015, Dept. of Census & Statisticsn ",2014,26HealthDistricts(administerativedistricts25),5760(622hospitalsand487Primarycareunitsand4751fieldcliniccentres),5238,69070,5954,Yes,Yes,2017,Yes,Government,Yes,No,,Yes,,Yes,TRUE,FALSE,FALSE,FALSE,FALSE,FALSE,FALSE,FALSE,Yes,Yes-all provisions of Code and Resolutions included,Yes,TRUE,FALSE,FALSE,FALSE,Monitoring is a continuous activity,Yes,Yes,FALSE,FALSE,TRUE,FALSE,Yes,Yes,Minimally,Minimally,Yes,5238,5238,1242,Yes,25,Yes,,Package not used,WHO - Unicef intergrated IYCF counselling course adopted to Sri lanka - 51/2days,Yes,Unsure of frequency,No,,,,,,,,Yes,Yes,1-4 weeks,Yes,Yes,Yes,No,,,,,,,,,,,,,FALSE,FALSE,FALSE,FALSE,FALSE,FALSE,TRUE,No,,Yes,"Yes, monitored, recorded and reported","Yes, monitored, recorded and reported",No,No,No,,,,,"Yes, monitored and recorded, but not reported",16,16,,0,Yes,Yes,LK,7.873054,80.771797
St. Kitts and Nevis,LACRO,,,,,,,,,,,,,,,,,,,,,,,,,,,,,,,,,,,,,,,,,,,,,,,,,,,,,,,,,,,,,,,,,,,,,,,,,,,,,,,,,,,,,,,,,,,,,,,,,,,,,,,,,,,,,,,,,,,,,,,,,,17.357822,-62.782997
St. Lucia,LACRO,,,,,,,,,,,,,,,,,,,,,,,,,,,,,,,,,,,,,,,,,,,,,,,,,,,,,,,,,,,,,,,,,,,,,,,,,,,,,,,,,,,,,,,,,,,,,,,,,,,,,,,,,,,,,,,,,,,,,,,,,,13.909444,-60.978893
St. Vincent and the Grenadines,LACRO,,,,,,,,,,,,,,,,,,,,,,,,,,,,,,,,,,,,,,,,,,,,,,,,,,,,,,,,,,,,,,,,,,,,,,,,,,,,,,,,,,,,,,,,,,,,,,,,,,,,,,,,,,,,,,,,,,,,,,,,,,12.984305,-61.287228
Sudan,MENA,famIbrahim@unicef.org; tmahgoub@unicef.org,41149153,EPI estimates/CBS,2015,713907,EPI estimates/ CBS,2015,2097114,EPI estimates/ CBS,2015,3679040,EPI estimates/ CBS,2015,184,5462,4863,5000,.,Yes,Yes,Don't know,Yes,Other,Yes,No,,Yes,,No,,,,,,,,,Yes,No-but law/agreement is drafted/in progress,,,,,,,,,,,,,Yes,Yes,Minimally,Minimally,Yes,3000,3000,4000,Yes,52,Yes,350,"Entire UNICEF package adapted, 5-day training, plus supervision module",,Yes,Each month,Yes,FALSE,FALSE,FALSE,TRUE,TRUE,TRUE,340000,No,No,,No,,,Yes,TRUE,TRUE,TRUE,FALSE,FALSE,FALSE,FALSE,FALSE,FALSE,FALSE,FALSE,TRUE,TRUE,TRUE,FALSE,FALSE,TRUE,FALSE,FALSE,Yes - Subsidies,No,Yes,No,"Yes, monitored and recorded, but not reported","Yes, monitored, recorded and reported","Yes, monitored, recorded and reported",Yes,"Yes, monitored and recorded, but not reported","Yes, monitored and recorded, but not reported","Yes, monitored, recorded and reported",Monitored,No,,,,,Yes,No,SD,12.862807,30.217636
Suriname,LACRO,,,,,,,,,,,,,,,,,,,,,,,,,,,,,,,,,,,,,,,,,,,,,,,,,,,,,,,,,,,,,,,,,,,,,,,,,,,,,,,,,,,,,,,,,,,,,,,,,,,,,,,,,,,,,,,,,,,,,,,,,SR,3.9193051,-56.027782
Swaziland,ESARO,,,,,,,,,,,,,,,,,,,,,,,,,,,,,,,,,,,,,,,,,,,,,,,,,,,,,,,,,,,,,,,,,,,,,,,,,,,,,,,,,,,,,,,,,,,,,,,,,,,,,,,,,,,,,,,,,,,,,,,,,SZ,-26.522503,31.465866
Syrian Arab Republic,MENA,malmalla@unicef.org,16392000,OCHA estimates,2016,180243.00,OCHA estimates,2016,564962,OCHA estmates,2016,1257495,OCHA estmates,2016,61,.,1618,.,.,Yes,Yes,2016,Yes,Government,No,Yes,SAM; Vitamin A; Micronutrients Powders; Salt Iodization; IYCF,No,IYCF elements are integrated within health & nutrition policy or strategy,No,,,,,,,,,No,Yes-all provisions of Code and Resolutions included,Yes,TRUE,FALSE,FALSE,FALSE,No monitoring was done last year,Yes,Yes,FALSE,FALSE,FALSE,TRUE,Yes,No,"Yes, comprehensively","Yes, comprehensively",Yes,,,500,Yes,27,Yes,300,"UNICEF package used, but only 2-3 day training; without supervision module",,No,,No,,,,,,,186318,Yes,No,,No,,,Yes,TRUE,TRUE,TRUE,FALSE,FALSE,TRUE,TRUE,FALSE,TRUE,FALSE,FALSE,FALSE,FALSE,FALSE,FALSE,FALSE,FALSE,FALSE,TRUE,Yes - Cash transfers,No,Yes,"Yes, monitored, recorded and reported","Yes, monitored and recorded, but not reported","Yes, monitored, recorded and reported","Yes, monitored, recorded and reported",Yes,"Yes, monitored, recorded and reported","Yes, monitored and recorded, but not reported","Yes, monitored, recorded and reported",Reported,Don't know,,,,,No,No,,34.802074,38.996815
Tajikistan,CEECIS,sabdulloeva@unicef.org,8256572,Ministry of Health and Social Protection of Population (MHSPP),2014,133414,Unavailable,2013,383239,Unavailable,2013,678104,Unavailable,2013,68,4335,2961,17352,1000,Yes,Yes,Don't know,Yes,Government,Yes,Yes,SAM,No,IYCF elements are integrated within health & nutrition policy or strategy,No,,,,,,,,,No,Yes-partially – not all provisions of Code and Resolutions included,No,,,,,,,,,,,,No,Yes,Minimally,Minimally,Yes,,,120,Yes,12,No,,,,No,,Yes,FALSE,FALSE,FALSE,FALSE,FALSE,TRUE,,Yes,Yes,1-4 weeks,No,,,No,,,,,,,,,,,,,FALSE,TRUE,TRUE,FALSE,TRUE,FALSE,FALSE,Yes - Subsidies,No,No,,,,,No,,,,,"Yes, monitored, recorded and reported",154,4,150,0,Yes,Yes,TJ,38.861034,71.276093
"Tanzania, United Republic",ESARO,ealden@unicef.org; rlekirkegaard@unicef.org,53470000,2012 Population and Housing Census - 5.6% population growth added per year,2016,.,Unavailable,Unavailable,,Unavailable,Unavailable,.,Unavailable,Unavailable,186,7362,7010,64449,32246,Yes,Yes,Don't know,Yes,Government,No,Yes,SAM; Vitamin A; IYCF; Other,Yes,,Yes,TRUE,FALSE,FALSE,FALSE,FALSE,TRUE,FALSE,FALSE,Yes,Yes-all provisions of Code and Resolutions included,Yes,TRUE,FALSE,FALSE,FALSE,Monitoring is a continuous activity,No,Yes,FALSE,TRUE,FALSE,FALSE,Yes,Yes,Minimally,Minimally,Yes,,7010,120,Yes,23,Yes,450,Some elements incorporated into other packages,,Yes,Every 3 months,Yes,TRUE,TRUE,FALSE,TRUE,TRUE,FALSE,24174,No,Yes,5-24 weeks,Yes,No,Yes,Yes,TRUE,TRUE,FALSE,FALSE,TRUE,FALSE,FALSE,FALSE,FALSE,FALSE,FALSE,TRUE,FALSE,TRUE,FALSE,TRUE,FALSE,FALSE,FALSE,Yes - Cash transfers,Yes,Yes,"Yes, monitored and recorded, but not reported","Yes, monitored and recorded, but not reported","Yes, monitored and recorded, but not reported","Yes, monitored and recorded, but not reported",Yes,"Yes, monitored and recorded, but not reported","Yes, monitored and recorded, but not reported","Yes, monitored, recorded and reported",Monitored,"Yes, monitored and recorded, but not reported",23312,,,,Yes,Yes,,-6.3690281,34.888821
Thailand,EAPRO,mschmit@unicef.org,65729098,"Department of Provincial Administration (DOPA), Ministry of interior",2015,325181,DOPA 0-1 population divided by 2,2015,1042916,DOPA 1-2 population plus half of 0-1 population,2015,2308885,DOPA,2015,878districtsin77provinces,10673,9777,Publicdoctors:17934privatedoctors:5048PublicregisteredNurses:134552Privateregisterednurses:14835,1000000(healthvolunteers-noformaltraining),No,Yes,2017,Yes,Government,Yes,No,,No,IYCF elements are integrated within the health policy or strategy,No,,,,,,,,,Yes,No-but law/agreement is drafted/in progress,,,,,,,,,,,,,No,No,Minimally,Minimally,Yes,,,,Yes,,Yes,,Package not used,Unavailable,No,,No,,,,,,,,No,No,,No,,,No,,,,,,,,,,,,,FALSE,FALSE,FALSE,FALSE,FALSE,TRUE,FALSE,Yes - Cash transfers,Yes,Yes,"Yes, monitored and recorded, but not reported","Yes, monitored and recorded, but not reported","Yes, monitored and recorded, but not reported","Yes, monitored and recorded, but not reported",No,,,,,"Yes, monitored and recorded, but not reported",,,,,Yes,No,TH,15.870032,100.99254
The Turks and Caicos Islands,LACRO,asg2219@columbia.edu,,,,,,-2017,,,,,,,,,,,,No,No,Don't know,No,Other,,No,,,,,,,,,,,,,,,,,,,,,,,,,,,,,,,,,,,,,,,,,,,,,,,,,,,,,,,,,,,,,,,,,,,,,,,,,,,,,,,,,,,,,,,,,,,,,,,,,21.694025,-71.797928
Timor-Leste,EAPRO,tsoares@unicef.org,1287308,HMIS,2015,241093,HMIS,2015,104239,HMIS,2015,115744,HMIS,2015,13,347,308,2285,2047,Yes,Yes,2016,Yes,Government,Yes,No,,No,IYCF elements are integrated within health & nutrition policy or strategy,Don't know,,,,,,,,,No,No-but law/agreement is drafted/in progress,,,,,,,,,,,,,No,Yes,"Yes, comprehensively","Yes, comprehensively",Yes,74,74,,Yes,13,No,,,,No,,Don't know,,,,,,,25162,No,Don't know,,No,,,Yes,TRUE,TRUE,FALSE,FALSE,FALSE,FALSE,FALSE,FALSE,FALSE,FALSE,FALSE,FALSE,FALSE,TRUE,FALSE,FALSE,FALSE,FALSE,FALSE,No,,No,,,,,Yes,"Yes, monitored, recorded and reported","Yes, monitored, recorded and reported","Yes, monitored and recorded, but not reported",Not monitored or reported,No,,,,,No,No,TL,-8.874217,125.72754
Togo,WCARO,mmakawa@unicef.org,6974212,Institut national de la statistique et des études économiques et démographiques (INSEED),2015,125536,Institut national de la statistique et des études économiques et démographiques (INSEED),2015,348711,Institut national de la statistique et des études économiques et démographiques (INSEED),2015,648602,Institut national de la statistique et des études économiques et démographiques (INSEED),2015,40,1174,1153,10391,6000,Yes,Yes,2017,No,Government,No,Yes,SAM; Vitamin A; Salt Iodization; IYCF,Yes,,Yes,FALSE,FALSE,FALSE,FALSE,FALSE,TRUE,FALSE,FALSE,No,No-but law/agreement is drafted/in progress,,,,,,,,,,,,,No,No,Minimally,Minimally,Yes,231,231,0,Yes,12,Yes,641,Some elements incorporated into other packages,,Yes,Every 3 months,No,,,,,,,,No,Yes,5-24 weeks,No,,,No,,,,,,,,,,,,,FALSE,FALSE,FALSE,FALSE,TRUE,FALSE,FALSE,Yes - Cash transfers,Yes,No,,,,,Yes,"Yes, monitored, recorded and reported","Yes, monitored, recorded and reported","Yes, monitored, recorded and reported",Both monitored and reported,"Yes, monitored, recorded and reported",3027,2954,155,,Yes,Yes,TG,8.6195431,.82478201
Tokelau,EAPRO,,,,,,,,,,,,,,,,,,,,,,,,,,,,,,,,,,,,,,,,,,,,,,,,,,,,,,,,,,,,,,,,,,,,,,,,,,,,,,,,,,,,,,,,,,,,,,,,,,,,,,,,,,,,,,,,,,,,,,,,,TK,-8.9673634,-171.85588
Tonga,EAPRO,,,,,,,,,,,,,,,,,,,,,,,,,,,,,,,,,,,,,,,,,,,,,,,,,,,,,,,,,,,,,,,,,,,,,,,,,,,,,,,,,,,,,,,,,,,,,,,,,,,,,,,,,,,,,,,,,,,,,,,,,TO,-21.178986,-175.19824
Trinidad and Tobago,LACRO,,,,,,,,,,,,,,,,,,,,,,,,,,,,,,,,,,,,,,,,,,,,,,,,,,,,,,,,,,,,,,,,,,,,,,,,,,,,,,,,,,,,,,,,,,,,,,,,,,,,,,,,,,,,,,,,,,,,,,,,,TT,10.691803,-61.222504
Tunisia,MENA,amedimagh@unicef.org,.,Unavailable,Unavailable,.,Unavailable,Unavailable,,Unavailable,Unavailable,.,Unavailable,Unavailable,.,.,,.,.,No,No,,No,,,Yes,Salt Iodization,No,IYCF elements are integrated within the health policy or strategy,No,,,,,,,,,Yes,Yes-all provisions of Code and Resolutions included,Yes,TRUE,FALSE,FALSE,FALSE,No monitoring was done last year,No,Don't know,,,,,No,Yes,Minimally,Minimally,Yes,,,,No,,No,,,,No,,Don't know,,,,,,,,No,Yes,1-4 weeks,No,,,No,,,,,,,,,,,,,FALSE,FALSE,FALSE,FALSE,FALSE,TRUE,FALSE,No,,No,,,,,No,,,,,No,,,,,No,No,TN,33.886917,9.5374994
Turkey,CEECIS,,,,,,,,,,,,,,,,,,,,,,,,,,,,,,,,,,,,,,,,,,,,,,,,,,,,,,,,,,,,,,,,,,,,,,,,,,,,,,,,,,,,,,,,,,,,,,,,,,,,,,,,,,,,,,,,,,,,,,,,,TR,38.963745,35.24332
Turkmenistan,CEECIS,sduman@unicef.org,5374000,"World Population Prospects: The 2015 Revision, Key Findings and Advance Tables",2015,.,Unavailable,Unavailable,,Unavailable,Unavailable,.,Unavailable,Unavailable,70,1732,1554,36800,.,Yes,No,,Yes,Government,Yes,No,,Yes,,Yes,FALSE,FALSE,FALSE,FALSE,TRUE,FALSE,FALSE,FALSE,No,Yes-all provisions of Code and Resolutions included,Yes,TRUE,FALSE,FALSE,FALSE,No monitoring was done last year,No,Don't know,,,,,No,No,"Yes, comprehensively","Yes, comprehensively",Yes,1554,,,Yes,70,Yes,395,Some elements incorporated into other packages,,Yes,Unsure of frequency,No,,,,,,,,No,Yes,1-4 weeks,No,,,No,,,,,,,,,,,,,FALSE,TRUE,FALSE,FALSE,FALSE,FALSE,FALSE,Yes - Cash transfers,No,No,,,,,Yes,"Yes, monitored and recorded, but not reported","Yes, monitored and recorded, but not reported","Yes, monitored and recorded, but not reported",Monitored,Don't know,,,,,No,No,TM,38.969719,59.556278
Tuvalu,EAPRO,,,,,,,,,,,,,,,,,,,,,,,,,,,,,,,,,,,,,,,,,,,,,,,,,,,,,,,,,,,,,,,,,,,,,,,,,,,,,,,,,,,,,,,,,,,,,,,,,,,,,,,,,,,,,,,,,,,,,,,,,TV,-7.1095352,177.64932
Uganda,ESARO,nbirungi@unicef.org; ewamono@unicef.org,34856813,"Uganda Bureau of Statistics, Census 2014",2014,736160,"Uganda Bureau of Statistics, Census 2014",2014,2213960,"Uganda Bureau of Statistics, Census 2014",2014,4281030,"Uganda Bureau of Statistics, Census 2014",2014,112,5346,5346,27000,.,Yes,No,,Yes,Government,Yes,No,,Yes,,No,,,,,,,,,No,Yes-all provisions of Code and Resolutions included,Yes,TRUE,FALSE,TRUE,FALSE,No monitoring was done last year,No,Don't know,,,,,Yes,Yes,"Yes, comprehensively","Yes, comprehensively",Yes,,631,120,Yes,27,Yes,3408,"Entire UNICEF package adapted, 5-day training, plus supervision module",,Yes,Every 3 months,Yes,FALSE,FALSE,FALSE,TRUE,FALSE,FALSE,,Yes,Yes,25-52 weeks,Yes,No,Yes,Yes,TRUE,TRUE,TRUE,FALSE,TRUE,TRUE,FALSE,FALSE,FALSE,FALSE,FALSE,FALSE,TRUE,TRUE,TRUE,TRUE,FALSE,FALSE,FALSE,Yes - Cash transfers,No,No,,,,,Yes,"Yes, monitored and recorded, but not reported","Yes, monitored, recorded and reported",No,Reported,No,,,,,Yes,Yes,UG,1.373333,32.290276
Ukraine,CEECIS,,,,,,,,,,,,,,,,,,,,,,,,,,,,,,,,,,,,,,,,,,,,,,,,,,,,,,,,,,,,,,,,,,,,,,,,,,,,,,,,,,,,,,,,,,,,,,,,,,,,,,,,,,,,,,,,,,,,,,,,,UA,48.379433,31.165581
United Arab Emirates,MENA,,,,,,,,,,,,,,,,,,,,,,,,,,,,,,,,,,,,,,,,,,,,,,,,,,,,,,,,,,,,,,,,,,,,,,,,,,,,,,,,,,,,,,,,,,,,,,,,,,,,,,,,,,,,,,,,,,,,,,,,,AE,23.424076,53.847816
Uruguay,LACRO,,,,,,,,,,,,,,,,,,,,,,,,,,,,,,,,,,,,,,,,,,,,,,,,,,,,,,,,,,,,,,,,,,,,,,,,,,,,,,,,,,,,,,,,,,,,,,,,,,,,,,,,,,,,,,,,,,,,,,,,,UY,-32.522778,-55.765835
Uzbekistan,CEECIS,fnizamov@unicef.org,31022500,Government of Uzbekistan,2015,305970,MoH data,2016,971315,MoH data,2015,2522473,MoH data,2016,195,7112,3791,414400,.,Yes,No,,Yes,Government,Yes,No,,No,IYCF elements are integrated within health & nutrition policy or strategy,Yes,FALSE,FALSE,FALSE,FALSE,FALSE,TRUE,FALSE,FALSE,Yes,Yes-partially – not all provisions of Code and Resolutions included,Yes,TRUE,FALSE,FALSE,FALSE,One monitoring activity,Yes,Yes,FALSE,FALSE,FALSE,TRUE,No,Yes,"Yes, comprehensively","Yes, comprehensively",Yes,3791,3366,,Yes,6,Yes,,"UNICEF package used, but only 2-3 day training; without supervision module",,Yes,Every 3 months,No,,,,,,,,No,Yes,1-4 weeks,No,,,No,,,,,,,,,,,,,FALSE,FALSE,FALSE,FALSE,FALSE,FALSE,TRUE,Yes - Subsidies,No,Yes,"Yes, monitored, recorded and reported","Yes, monitored, recorded and reported","Yes, monitored, recorded and reported","Yes, monitored, recorded and reported",Yes,No,No,No,Not monitored or reported,"Yes, monitored and recorded, but not reported",,,,,Yes,Yes,UZ,41.377491,64.585258
Vanuatu,EAPRO,upalaniappan@unicef.org,275155,"2009 Vanuatu census, projected",2009,38905,"2009 Vanuatu Census, projected",2009,11670,"2009 Vanuaut census, projected",2009,23345,"2009 Vanuatu Census, projected",2009,6,355,349,1280,237,Yes,Yes,2017,Yes,Government,Yes,Yes,SAM; IYCF,No,IYCF elements are integrated within the nutrition policy or strategy,No,,,,,,,,,Yes,No-no laws or actions,,,,,,,,,,,,,Yes,No,Minimally,Minimally,Yes,,,,No,,No,,,,Yes,Once per year,No,,,,,,,,No,Yes,1-4 weeks,No,,,Yes,TRUE,FALSE,FALSE,FALSE,TRUE,FALSE,TRUE,TRUE,FALSE,FALSE,FALSE,FALSE,FALSE,FALSE,TRUE,FALSE,FALSE,FALSE,FALSE,No,,No,,,,,No,,,,,No,,,,,,,VU,-15.376706,166.95915
Venezuela (Bolivarian Republic of),LACRO,kbetancourt@unicef.org,31028637,"INE, Proyecciones de Población basada en Censo 2011",2016,.,Unavailable,Unavailable,,Unavailable,Unavailable,.,Unavailable,Unavailable,335,13092,,.,.,Yes,No,,Yes,Government,No,No,,Yes,,Don't know,,,,,,,,,Don't know,Yes-all provisions of Code and Resolutions included,No,,,,,,,,,,,,No,No,Minimally,Minimally,Don't know,,,,Don't know,,Don't know,,,,No,,Don't know,,,,,,,,No,Don't know,,No,,,Don't know,,,,,,,,,,,,,TRUE,TRUE,TRUE,FALSE,FALSE,FALSE,FALSE,Other,,No,,,,,No,,,,,No,,,,,No,No,,6.4237499,-66.589729
Vietnam,EAPRO,ndquang@unicef.org,91679733,national  population survey,2015,7115606,Nutritin programme data 2015,2015,2846240,Nutrition programme ,2015,3.191102,Nutrition programme,2015,643,12603,11028,268928,100834,Yes,Yes,2016,Yes,Government,Yes,Yes,SAM; Vitamin A; Micronutrients Powders; IYCF; Other,Yes,,Yes,TRUE,FALSE,FALSE,FALSE,TRUE,TRUE,FALSE,FALSE,Yes,Yes-all provisions of Code and Resolutions included,Yes,TRUE,FALSE,FALSE,TRUE,No monitoring was done last year,No,Don't know,,,,,Yes,Yes,Minimally,Minimally,Yes,11208,11028,,Yes,643,Yes,,"UNICEF package used, but only 2-3 day training; plus supervision module",,Yes,Unsure of frequency,No,,,,,,,,Yes,Yes,1-4 weeks,No,,,Yes,TRUE,TRUE,TRUE,FALSE,TRUE,TRUE,TRUE,FALSE,TRUE,TRUE,FALSE,FALSE,FALSE,TRUE,TRUE,TRUE,TRUE,FALSE,FALSE,No,,Yes,"Yes, monitored, recorded and reported","Yes, monitored, recorded and reported","Yes, monitored and recorded, but not reported","Yes, monitored and recorded, but not reported",No,,,,,No,,,,,Yes,Yes,VN,14.058324,108.2772
Yemen,MENA,ralardi@unicef.org,25956000,Governoment CSO project,2015,571000,Governoment CSO project,2015,1479500,Governoment CSO project,2015,2725213,Governoment CSO project,2015,333,5000,4268,10000,7300,Yes,No,,Yes,UNICEF,Yes,No,,No,IYCF elements are integrated within the nutrition policy or strategy,No,,,,,,,,,No,Yes-all provisions of Code and Resolutions included,Yes,TRUE,FALSE,FALSE,FALSE,No monitoring was done last year,No,No,,,,,No,No,No,Minimally,Yes,480,480,868,Yes,140,Yes,877,"UNICEF package used, but only 2-3 day training; without supervision module",,Yes,Every 6 months,No,,,,,,,133192,Yes,No,,No,,,Yes,TRUE,TRUE,FALSE,FALSE,TRUE,FALSE,FALSE,FALSE,FALSE,FALSE,FALSE,FALSE,FALSE,FALSE,FALSE,FALSE,FALSE,TRUE,FALSE,Yes - Cash transfers,Yes,No,,,,,Yes,No,No,"Yes, monitored, recorded and reported",Both monitored and reported,No,,,,,Yes,No,YE,15.552727,48.516388
Zambia,ESARO,houedraogo@unicef.org,15933883,CSO 2010 Population Census and Projections,2010,3186777,CSO 2010 Population Census and Projections,2010,956033,CSO 2010 Population Census and Projections,2010,1912066,CSO 2010 Population Census and Projections,2010,103,.,,.,.,Yes,No,,Yes,Government,Yes,No,,Yes,,Yes,TRUE,FALSE,FALSE,FALSE,FALSE,FALSE,FALSE,FALSE,Yes,Yes-all provisions of Code and Resolutions included,Yes,TRUE,FALSE,FALSE,FALSE,Monitoring is a continuous activity,Yes,No,,,,,Yes,Yes,Minimally,"Yes, comprehensively",Yes,1800,1800,,Yes,103,Yes,,"Entire UNICEF package adapted, 5-day training, plus supervision module",,Yes,Other,Don't know,,,,,,,,No,Yes,1-4 weeks,Yes,No,No,No,,,,,,,,,,,,,FALSE,TRUE,FALSE,TRUE,TRUE,FALSE,FALSE,Yes - Cash transfers,Yes,Yes,No,"Yes, monitored, recorded and reported",No,"Yes, monitored and recorded, but not reported",No,,,,,No,,,,,No,No,ZM,-13.133897,27.849333
Zimbabwe,ESARO,tncube@unicef.org,13956348,Last National Census,2012,1966050,LAST National Census,2012,630894,Last National Census,2012,1219300,Last National Census,2012,62,1610,1427,17795,12114,Yes,Yes,2017,Yes,Government,No,No,,Yes,,No,,,,,,,,,No,Yes-all provisions of Code and Resolutions included,Yes,TRUE,FALSE,FALSE,FALSE,One monitoring activity,Yes,Yes,FALSE,FALSE,TRUE,FALSE,Yes,Yes,No,Minimally,Yes,1272,1272,200,Yes,35,Yes,1086,"Entire UNICEF package adapted, 5-day training, plus supervision module",,Yes,Every 3 months,Yes,FALSE,FALSE,FALSE,FALSE,FALSE,TRUE,131000,No,Yes,1-4 weeks,Yes,No,Yes,Yes,TRUE,TRUE,TRUE,FALSE,TRUE,FALSE,TRUE,FALSE,TRUE,FALSE,FALSE,FALSE,TRUE,TRUE,FALSE,TRUE,FALSE,FALSE,FALSE,Yes - Cash transfers,Yes,No,,,,,Yes,"Yes, monitored and recorded, but not reported","Yes, monitored and recorded, but not reported","Yes, monitored and recorded, but not reported",Monitored,"Yes, monitored and recorded, but not reported",,,,,Yes,Yes,ZW,-19.015438,29.154858
